Protein,AD_male2,AD_male1,AD_male3,AD_male4,AD_female1,AD_female2,AD_female3,AD_female4,WT_female1,WT_female2,WT_female3,WT_female4,WT_male1,WT_male2,WT_male3
Q7TMM9,149,147,127,143,147,152,142,137,165,159,141,139,149,144,142
Q9CWF2,147,145,125,141,146,151,141,136,163,157,140,138,147,143,141
P68372,132,131,105,128,131,147,134,124,149,139,136,125,138,133,141
Q9D6F9,119,123,95,115,120,138,123,111,138,134,128,118,126,123,127
P16546,131,118,103,125,132,128,118,109,132,134,131,108,130,126,143
P99024,128,123,101,121,127,138,128,114,143,135,128,118,127,129,134
P63260,94,87,68,100,90,102,85,75,91,93,113,73,85,88,95
Q9ERD7,98,98,87,100,99,109,99,96,108,111,102,99,102,102,112
Q62261,90,80,78,93,99,98,89,80,104,93,101,76,83,90,102
Q6PIC6,96,78,70,86,97,100,80,74,96,93,99,70,83,74,102
P68369,67,62,44,55,80,58,61,58,70,69,79,64,64,61,71
Q9JHU4,76,67,57,65,76,73,61,67,73,74,72,55,68,63,82
Q68FD5,73,58,52,70,83,71,62,62,78,75,78,57,58,69,77
P68368,61,59,38,50,71,55,53,55,67,65,74,61,67,57,66
Q6PIE5,72,62,58,68,76,75,61,67,73,72,77,58,67,62,78
Q922F4,74,73,72,74,76,78,71,73,78,84,73,77,78,71,75
P56480,71,68,55,76,79,78,60,61,81,69,74,54,66,61,84
Q8VDN2,66,53,54,58,64,68,57,58,64,64,72,55,60,57,74
P68033,47,47,42,57,46,56,56,44,50,47,48,44,40,55,47
O08553,64,49,52,56,62,59,55,58,56,61,60,55,54,54,61
P20357,59,54,46,50,51,53,46,46,52,60,55,39,54,55,59
Q9QYR6,43,41,34,46,50,43,36,40,45,51,49,38,47,44,51
P16858,41,48,30,43,54,41,35,42,43,44,51,44,47,45,48
P63017,42,44,41,45,44,46,45,44,44,43,42,40,43,43,48
Q04447,41,43,31,43,53,49,38,37,48,42,48,38,47,40,55
P39053,44,33,32,37,43,35,33,30,38,44,41,37,37,41,42
Q03265,46,39,25,38,43,44,42,40,44,39,45,37,35,37,45
Q9JJZ2,33,34,23,30,45,0,0,31,42,36,44,0,0,30,39
O88935,32,40,32,37,40,37,36,31,35,43,43,38,40,39,41
P17182,44,36,30,42,39,41,34,30,42,45,45,31,40,33,38
Q99KI0,39,43,37,42,41,37,43,38,38,44,41,35,41,37,44
Q8C8R3,35,30,17,32,43,31,28,25,44,32,41,27,29,33,44
O08599,36,27,24,32,34,32,28,31,32,35,41,31,32,29,34
P46460,35,32,33,35,36,35,36,26,40,31,35,31,37,36,37
Q64332,25,30,23,31,32,27,29,23,35,36,35,31,33,31,31
P63101,35,36,29,36,37,30,32,35,36,38,42,36,39,38,41
P05064,39,34,32,31,36,35,31,35,30,35,40,31,32,31,33
P52480,34,34,30,32,41,36,28,35,31,40,41,33,40,41,44
Q9QXS1,37,30,29,26,30,41,28,28,25,30,30,26,23,27,26
P62259,39,33,30,35,33,31,34,33,36,37,41,32,36,35,36
P14873,31,30,22,31,32,35,30,25,34,35,33,28,32,34,38
O88737,34,27,19,23,32,23,17,24,24,33,40,32,30,34,30
P50396,28,33,28,33,32,28,25,33,33,29,34,29,37,32,37
Q9DBG3,31,19,22,28,30,38,29,19,36,31,31,27,26,28,35
P11798,29,30,27,33,33,32,31,24,35,35,38,28,31,28,29
G5E829,28,30,23,28,30,29,23,28,32,28,31,25,30,32,30
Q61879,26,26,20,30,16,28,27,21,32,26,35,23,23,29,36
P17710,27,26,26,29,29,27,27,26,25,27,31,28,27,30,33
P43006,23,23,20,26,30,28,24,22,24,27,30,21,28,24,27
Q02053,27,27,22,26,30,26,24,20,23,30,33,22,24,23,30
P11499,21,25,20,25,26,27,28,27,28,31,23,23,25,23,25
P17426,23,22,25,26,24,28,25,23,32,25,27,26,26,31,28
P16330,21,28,16,24,29,21,18,27,25,33,32,19,27,22,26
P04370,24,30,20,28,31,28,24,28,29,34,32,26,33,19,27
Q7TSJ2,31,18,23,28,23,22,22,18,27,31,30,24,24,25,32
P07901,17,26,19,24,19,26,23,23,25,25,19,21,22,19,24
P17183,34,24,19,28,37,26,24,22,31,29,35,21,27,25,35
P03995,26,30,24,29,44,51,47,35,18,18,21,16,17,17,15
P09411,26,29,22,27,26,24,22,24,24,24,27,23,26,23,29
Q8CHC4,24,26,18,25,25,29,20,26,23,32,27,22,24,24,30
P50516,25,23,21,25,27,24,22,24,22,24,31,20,25,24,27
P08249,31,33,24,30,26,29,23,25,27,28,28,24,30,27,28
Q01853,29,22,21,24,23,28,25,16,25,21,23,21,21,19,26
P17427,22,25,20,26,25,24,23,22,27,27,26,23,24,29,24
Q9R0K7,25,22,20,26,26,28,23,19,29,25,31,19,22,26,22
Q8BYI9,26,23,19,24,25,25,19,22,28,26,27,24,24,22,27
P68254,27,26,25,26,28,23,22,28,25,28,31,24,26,26,27
P62814,25,18,16,24,20,18,16,21,25,19,24,19,21,20,31
Q9CQV8,24,24,22,26,27,23,22,23,25,25,30,26,23,26,24
Q8CI94,25,24,17,24,24,27,21,18,21,21,22,18,20,25,23
P13595,25,22,19,24,24,24,22,22,22,23,25,20,19,24,26
Q99104,26,13,20,19,24,22,14,19,21,18,21,21,15,25,25
P08553,21,17,15,17,23,29,21,21,24,24,26,20,21,16,23
Q61598,25,18,18,25,26,28,21,19,24,18,27,19,23,23,25
P18872,22,19,15,20,23,27,18,16,22,27,24,17,21,21,23
Q8BPN8,21,20,18,17,16,20,14,17,22,19,25,16,18,22,23
Q91VD9,17,14,15,18,18,20,14,15,20,18,21,17,19,16,20
Q61316,23,17,16,16,22,23,20,22,24,23,25,18,21,23,23
Q80TJ1,23,23,17,23,24,20,23,13,22,23,28,17,21,27,28
P61982,26,24,22,27,27,23,22,25,22,23,28,26,24,24,27
P46660,20,18,16,18,19,23,18,22,23,22,25,22,24,18,19
P12960,24,13,16,22,17,25,18,17,24,21,25,18,20,20,24
P68510,25,23,22,25,25,21,21,25,24,24,25,25,25,23,26
P05063,23,23,22,26,19,19,18,19,18,22,20,21,23,22,23
P60202,18,19,16,19,24,21,18,20,24,23,24,23,23,13,24
P28652,21,23,23,21,24,20,21,21,20,23,19,22,24,21,21
P05202,19,18,19,21,24,23,17,18,18,22,25,21,23,19,25
P63038,22,23,18,20,26,24,23,20,27,22,27,21,23,22,26
P97427,17,17,20,22,24,23,19,20,18,22,21,21,21,22,23
Q8BH59,24,19,18,17,24,24,20,18,27,18,20,19,21,22,21
Q64521,19,18,13,17,21,26,22,17,25,23,22,18,17,19,16
O35643,21,13,17,24,20,24,20,12,28,22,21,18,16,23,24
Q60597,18,17,16,18,24,21,18,15,20,20,21,17,21,20,24
Q7TPR4,22,14,15,19,21,20,16,18,18,18,21,22,16,28,22
P06745,23,17,17,20,20,22,19,19,23,22,21,15,21,17,19
P26443,19,18,13,22,16,16,21,15,19,20,20,21,17,20,24
Q810U3,14,17,15,15,16,19,18,15,21,25,19,17,21,17,19
Q91XV3,22,22,20,21,21,18,18,23,20,26,23,21,20,19,23
P46096,21,15,16,16,22,22,16,15,17,18,18,20,17,20,23
P58281,19,14,16,16,20,21,17,14,23,21,18,20,16,15,23
Q9WV92,18,13,13,16,19,22,17,14,18,24,21,15,17,16,20
P63011,20,18,18,20,20,20,20,14,21,19,18,18,19,18,21
Q8CAQ8,17,17,12,17,18,22,15,16,19,18,20,15,15,19,20
P57780,20,16,13,18,22,22,14,14,13,15,17,18,13,22,18
Q62188,17,15,16,17,19,18,15,15,15,15,19,17,15,16,18
Q60932,26,20,13,15,24,19,17,19,22,24,25,20,19,18,23
Q9Z1G4,22,18,13,22,19,18,18,17,18,19,19,17,20,20,22
Q9Z0E0,16,18,10,20,23,25,15,12,23,19,21,10,16,18,18
P17751,23,20,17,18,17,17,18,20,17,19,21,21,21,16,25
F6SEU4,17,17,14,20,24,16,15,16,20,16,23,14,18,23,16
P60879,19,20,16,13,20,18,13,14,17,20,18,15,20,15,18
P19096,13,16,11,19,21,20,16,12,13,14,10,10,13,11,12
P08551,16,16,13,15,18,26,13,15,19,18,21,14,16,13,16
P63328,15,15,13,16,17,14,14,20,16,16,18,13,16,18,15
Q76MZ3,19,15,14,15,16,16,17,16,17,17,16,17,17,13,20
P17742,15,14,13,15,15,14,13,14,12,15,15,15,16,14,21
P61922,21,16,14,18,17,21,22,17,19,19,25,21,17,17,24
Q9CZ13,15,11,12,18,16,16,14,14,17,15,18,13,13,15,18
P17156,18,16,18,16,18,17,19,16,18,16,16,15,15,18,15
Q99P72,17,14,10,13,14,19,12,11,17,17,17,12,14,11,18
O55143,15,13,15,15,18,14,15,12,18,20,16,11,11,15,17
P48962,19,18,13,15,19,20,17,19,15,20,20,17,20,16,18
P38647,18,19,17,20,19,17,16,18,21,16,18,18,16,19,20
Q9Z1B3,15,12,15,14,14,15,11,13,15,18,13,14,12,11,15
P63318,18,13,12,19,19,14,12,9,21,17,22,9,17,19,21
Q6ZQ38,14,11,12,14,14,17,13,13,16,12,18,14,10,14,13
Q9WUA3,18,13,16,20,18,21,12,9,18,17,18,13,14,18,20
Q8K1M6,17,10,13,15,12,18,16,14,19,18,17,15,15,16,17
P47857,19,18,15,17,19,18,17,19,21,17,17,14,16,16,19
Q9DB77,17,15,16,18,17,19,17,14,17,18,20,15,17,18,19
P0DP26 (+2),16,13,11,11,14,13,11,12,10,17,15,12,12,15,16
P23819,16,17,13,17,15,15,17,12,17,19,17,16,19,16,19
Q3UHJ0,16,19,15,13,13,20,13,13,19,17,19,15,16,11,15
Q3UHL1,14,18,12,15,15,10,13,8,14,18,20,13,17,18,17
P05201,16,13,11,16,17,15,13,14,16,16,19,14,14,15,13
Q61644,14,13,13,14,16,15,14,10,15,19,15,14,16,15,18
P20152,18,15,12,16,21,28,25,19,11,9,12,4,6,17,9
Q8K0U4,16,15,11,15,15,15,11,11,15,16,15,12,16,11,16
P28663,16,13,15,18,16,17,15,17,20,16,15,10,17,17,19
P48722,14,14,12,12,15,17,14,14,16,18,17,16,14,13,16
P08113,18,15,10,16,17,19,15,12,12,10,16,10,11,15,14
Q9QYX7,10,9,9,10,12,15,10,7,15,16,18,9,11,15,20
Q8BZ98,16,9,6,16,18,13,11,9,14,14,15,10,12,14,17
P15105,14,14,9,13,14,19,12,15,15,17,16,14,17,14,15
P10649,14,14,11,15,14,22,16,13,13,15,14,12,12,13,12
P20029,15,21,17,18,19,14,15,18,14,16,17,11,16,15,14
P58252,19,14,12,12,19,16,15,15,19,15,17,16,14,14,16
P14094,14,11,11,13,13,13,13,9,16,16,14,12,18,13,15
P27773,17,8,12,19,17,19,17,13,15,13,17,12,13,16,18
P07724,15,12,14,9,16,16,15,11,13,8,26,9,10,13,18
Q61361,12,9,6,12,10,11,9,9,13,10,14,8,9,10,16
Q9D051,13,12,9,15,14,14,13,14,16,16,18,13,16,14,18
Q9QYC0,15,14,12,14,18,13,13,12,14,15,17,11,13,14,12
P35486,14,13,11,12,13,14,13,14,17,16,16,13,14,13,16
P62874,16,13,12,14,16,15,11,11,17,13,18,11,15,11,19
Q61699,12,14,10,15,13,14,13,13,17,12,16,13,13,13,16
O88342,11,13,7,8,13,16,12,10,12,13,11,9,12,15,10
Q62108,12,12,10,18,12,14,11,11,16,13,14,11,15,17,13
Q6PHZ2,17,16,16,16,15,12,16,15,13,16,16,14,15,16,17
P08752,15,13,12,13,17,16,14,15,16,17,14,12,16,13,18
P40124,15,10,10,15,13,14,12,10,11,10,15,14,13,11,15
Q60864,10,10,10,14,16,10,10,8,13,13,11,11,11,13,13
Q9DBJ1,14,16,12,12,15,16,14,13,15,15,14,13,13,12,14
Q9Z1G3,13,10,13,12,12,12,13,11,13,14,15,10,11,11,13
Q6Q477,20,12,10,15,12,17,17,13,17,11,14,12,12,13,15
Q9ES97,13,11,9,15,11,14,13,9,13,12,13,11,12,14,16
Q61548,15,12,11,14,15,16,14,12,16,14,17,17,16,14,12
Q11011,15,11,14,16,16,13,14,11,17,15,17,11,12,15,15
P61205 (+1),17,14,11,13,11,12,12,9,13,13,13,12,14,12,11
Q7TQF7,12,12,10,12,16,14,10,11,16,16,12,13,15,14,13
Q5SQX6,14,9,7,12,11,15,10,7,14,11,12,8,10,12,10
P19246,14,12,13,8,17,20,13,12,17,14,17,15,16,13,15
Q91V14,10,10,8,13,12,13,14,7,9,13,10,9,12,11,14
P14824,9,10,12,13,14,11,14,10,13,14,14,9,10,12,12
P16125,18,10,15,14,17,16,13,12,18,13,13,10,11,11,15
P40142,16,12,12,12,17,15,12,10,12,16,13,12,10,12,14
P62631,12,12,12,12,12,10,13,13,11,11,14,14,15,12,12
Q8VDD5,18,10,9,12,15,20,17,13,13,15,13,8,11,15,8
P80314,14,14,9,16,17,13,13,13,12,14,16,9,11,12,20
Q9Z2Q6,13,11,10,15,12,14,10,12,13,12,15,11,12,11,14
Q91YT0,15,15,8,14,13,15,14,12,16,14,15,16,14,13,14
P62806,9,15,8,10,11,11,12,13,9,14,9,14,12,14,10
Q61301,11,14,13,16,10,12,12,10,13,13,14,16,13,15,11
Q9Z2I9,11,9,11,11,14,13,11,10,13,13,13,13,9,11,13
P61979,13,13,6,15,12,14,14,11,15,15,13,9,12,13,15
P28660,9,7,9,6,11,7,6,7,8,8,14,7,7,8,9
Q8BMF4,11,9,7,11,12,12,9,9,12,10,11,13,11,9,12
P51881,14,11,12,13,15,12,12,13,12,14,16,13,14,12,15
P80315,11,11,7,12,11,14,13,9,14,15,14,9,9,10,13
O54983,9,10,10,13,11,10,11,10,9,13,14,9,17,11,14
Q8BVE3,12,11,8,13,12,9,11,8,13,12,12,9,9,11,13
P62880,14,8,7,10,15,14,8,7,15,10,15,6,10,10,17
P62761,12,11,9,11,13,12,11,11,12,13,12,11,11,14,15
P80318,12,10,9,11,13,12,10,12,12,13,10,11,12,12,10
Q8K310,17,9,8,13,9,16,13,9,16,11,13,11,7,9,16
Q920I9,11,9,11,8,13,10,9,10,12,10,15,11,14,12,12
Q9Z2H5,11,7,7,9,11,9,8,7,8,9,16,7,7,13,11
O88569,12,10,8,11,13,12,12,10,12,15,12,9,10,14,14
Q8K2B3,10,8,7,11,13,13,7,9,11,10,12,6,9,11,11
Q9QWI6,9,6,10,7,7,8,8,10,13,10,10,13,11,13,9
Q9QXS6,6,8,8,9,13,9,10,7,9,10,12,7,10,7,12
O70318,10,12,9,11,13,13,10,9,11,11,12,8,8,12,11
P84091,10,10,5,9,10,9,7,11,9,11,11,8,12,11,11
Q3UX10,0,0,0,1,0,1,1,0,1,0,0,0,0,0,0
Q05920,15,11,9,10,13,10,7,7,10,13,10,6,10,11,14
Q8R0Y6,9,12,7,12,15,16,12,11,12,7,9,9,5,5,8
Q9EQH3,14,12,11,17,13,15,14,13,11,15,16,10,11,15,13
P61264,13,14,11,11,15,15,10,13,12,13,14,12,11,15,15
P48453,10,8,8,11,11,9,8,13,10,11,12,7,10,10,9
P11983,12,10,9,14,12,9,12,13,13,11,11,12,11,10,12
Q9D0F9,11,9,6,11,13,14,10,10,14,11,12,9,9,11,13
P10126,10,13,10,8,11,8,11,12,10,11,9,12,14,8,13
P00405,8,8,4,13,7,11,8,7,7,7,8,8,6,8,9
Q62420,10,11,8,9,11,9,10,11,11,14,13,10,12,13,12
O08709,13,12,8,9,13,13,12,13,9,12,12,10,10,12,11
P39054,11,10,6,10,14,9,10,10,0,12,10,10,9,8,11
P21279,9,10,6,7,8,12,10,6,10,10,12,8,8,8,9
P84075,10,12,10,12,12,9,9,7,10,12,9,11,11,11,11
Q4KMM3,12,9,10,10,16,10,10,11,12,13,12,9,11,14,12
Q923T9,13,11,9,10,14,12,13,10,11,13,11,11,12,13,13
Q8QZT1,11,11,9,9,12,11,13,11,13,11,11,13,8,9,15
Q9DCX2,6,10,6,7,9,10,6,9,9,13,9,12,12,10,9
B2RSH2,13,11,10,10,12,12,9,10,12,13,10,11,11,9,11
P62137,10,11,8,10,13,13,11,7,13,13,15,10,12,13,16
P08226,16,19,16,18,19,18,20,21,8,8,8,6,7,6,8
P56564,9,12,9,13,11,7,11,11,8,11,6,9,10,10,10
Q9CZW5,9,7,9,9,10,12,9,8,10,11,10,9,11,8,16
Q9Z140,11,10,10,10,14,9,10,10,11,12,13,10,14,10,11
Q9R111,13,10,7,9,11,14,15,7,11,14,12,13,11,11,17
P47757,11,12,8,8,11,8,9,10,9,11,12,10,11,12,9
Q8K0T0,11,9,10,9,11,13,10,9,11,13,9,11,9,11,11
E9Q912,10,10,7,9,11,10,9,9,8,11,10,9,9,9,13
O55131,13,12,12,11,12,11,11,12,14,11,12,9,12,11,11
P06837,13,11,12,9,10,8,10,10,12,12,12,10,11,11,13
P97807,14,8,7,7,13,13,11,6,13,10,14,10,7,8,12
Q91V41,10,9,7,9,13,12,11,8,9,11,11,10,12,8,10
P10637,9,10,6,8,9,8,8,7,8,9,13,7,8,13,8
Q9CZU6,11,10,5,8,10,12,9,6,9,10,13,9,9,8,11
P14152,9,11,6,10,9,11,9,11,12,9,10,9,9,8,13
P47738,11,11,10,11,9,14,9,11,10,9,11,9,10,13,12
P99029,14,14,7,11,14,12,12,11,10,13,12,12,11,11,12
O08539,9,9,4,10,9,9,8,6,14,10,8,6,9,7,10
O54991,9,9,6,10,10,12,6,11,10,11,12,10,7,10,12
P23818,8,10,7,11,10,8,8,7,11,10,10,6,11,12,10
P62897,10,8,6,10,6,8,7,5,7,7,9,6,6,7,8
Q8BVI4,11,10,8,12,12,12,10,9,10,12,10,8,8,10,10
Q9DB05,10,9,9,15,12,11,8,11,14,12,10,11,12,12,13
O08788,10,10,7,7,5,12,9,8,9,7,6,8,9,5,8
P12382,10,10,7,10,9,13,11,12,14,13,11,11,12,11,12
Q9R0P9,10,11,10,11,12,9,12,12,10,11,10,11,11,13,12
O54774,11,9,5,11,12,13,11,7,12,10,12,9,9,12,13
Q8BFR5,9,8,9,8,8,9,8,7,10,8,11,8,9,5,11
Q8VEM8,12,7,9,10,8,10,10,6,11,10,12,9,11,8,13
Q9QYB8,11,9,8,12,12,10,12,7,11,11,13,9,11,9,9
P00920,11,10,8,9,14,13,12,11,12,13,13,10,10,8,11
P70296,8,10,6,10,10,9,10,7,10,9,11,8,14,9,12
D3Z7P3,12,5,11,10,10,8,7,10,10,10,11,12,8,10,10
P06151,11,7,8,11,10,10,9,8,13,9,12,9,8,9,12
Q9JLM8,11,9,8,10,13,9,11,7,12,8,11,7,7,8,13
Q9R1T4,11,10,7,11,11,10,6,12,11,10,11,10,12,11,12
P70404,8,9,6,10,8,9,7,2,11,10,11,9,11,9,11
O08532,12,8,8,11,12,7,11,7,12,9,12,10,11,10,12
P62823,10,11,10,10,10,11,9,8,11,10,11,8,9,9,10
P14211,10,5,4,8,6,12,8,8,6,8,7,3,6,7,9
P80317,8,9,7,9,11,7,9,8,10,8,7,7,8,8,9
P62141,10,9,7,12,11,13,10,8,13,12,14,10,10,10,13
P18760,11,10,7,8,12,8,6,10,8,13,9,9,10,10,12
P54071,6,9,6,10,13,10,10,7,7,10,8,8,4,12,9
P63085,11,7,7,10,10,15,11,7,10,11,8,8,8,9,12
Q60930,11,11,8,9,12,13,10,10,12,11,12,10,11,11,12
Q9Z218,7,7,7,8,8,7,5,7,10,11,9,12,7,8,11
P63087,9,10,0,8,12,13,10,0,11,12,12,8,0,11,0
Q8BMS1,11,11,9,8,16,11,10,10,9,11,8,10,8,11,11
Q8BWF0,11,8,7,9,11,10,7,6,11,10,11,9,6,8,11
P50518,9,6,7,10,8,8,9,7,11,9,12,9,9,7,10
P56399,8,6,7,8,8,11,8,6,7,10,9,7,9,10,11
Q99JY9,7,9,4,10,9,10,7,6,9,7,12,6,8,9,10
Q91V61,10,10,9,10,9,11,10,8,11,11,10,10,12,10,10
Q7TMB8,10,8,5,9,11,12,8,6,10,7,9,6,8,6,7
Q9QUP5,7,8,5,5,7,8,5,10,9,5,9,4,9,9,11
Q9WUB3,8,9,8,6,10,10,9,7,9,8,13,6,7,9,12
P26645,13,8,9,10,7,10,9,9,9,10,7,5,9,9,9
P35700,9,8,9,9,9,7,9,11,9,12,9,7,8,6,9
P84084,13,8,9,10,8,10,9,6,10,9,10,8,8,9,9
P10852,12,9,10,10,8,9,10,8,10,9,9,10,9,11,11
Q9D6M3,9,8,8,8,9,10,8,9,11,8,10,8,8,8,10
Q9JIS5,9,9,6,9,8,8,10,8,10,9,9,9,9,11,9
P68404,9,7,6,12,8,10,9,9,9,9,9,7,9,8,9
Q3UM45,13,9,7,10,10,10,9,7,11,10,11,9,8,10,11
Q8BKX1,7,7,5,10,7,7,5,7,9,9,9,6,9,5,11
O35129,9,6,7,8,10,9,9,6,9,11,9,7,8,9,11
Q80SW1,6,6,7,8,5,7,7,6,6,9,7,7,7,9,7
Q91XM9,8,5,6,8,8,8,7,3,10,6,10,7,8,5,7
P48678,12,7,4,8,5,12,7,8,9,10,6,8,4,9,4
Q8R081,9,7,8,8,10,7,8,8,8,11,10,8,8,9,12
Q9CZT8,11,9,9,9,8,10,11,7,0,9,8,9,9,8,12
P09405,7,8,8,6,8,9,7,7,7,9,9,9,8,7,7
Q9EQ20,8,7,8,6,10,10,8,9,8,8,9,6,7,7,9
P63330,12,9,8,12,12,11,9,8,8,12,10,8,9,11,10
P42932,11,8,8,10,11,9,7,9,13,9,11,7,7,11,10
P70704,8,11,7,10,11,9,8,8,9,10,8,7,7,8,7
O08749,5,7,7,6,9,6,5,8,8,6,8,7,7,7,8
P47754,10,12,5,11,9,6,8,7,9,8,9,9,10,9,7
P62715,12,9,8,12,11,10,8,8,8,12,10,8,9,11,10
Q922S4,7,8,6,9,9,8,6,5,7,7,10,6,7,10,9
Q8VEK3,10,8,6,6,5,7,8,7,7,8,9,4,7,7,7
Q9Z2I0,7,9,7,8,8,12,8,6,11,7,8,6,7,8,9
Q9CWS0,7,7,6,9,8,8,9,6,6,8,10,8,6,6,9
Q9CWZ7,10,10,7,8,11,11,8,11,7,12,10,10,10,10,11
G5E8K5,7,9,7,8,11,7,7,7,10,7,13,7,7,10,11
P67778,9,6,10,8,10,9,7,8,10,10,9,8,9,7,8
P48036,9,8,9,7,9,9,9,10,8,8,8,9,8,8,7
Q02248,8,6,7,6,9,9,9,8,6,7,11,8,6,8,7
Q8BGZ1,11,8,6,8,8,8,5,6,9,11,10,7,8,4,9
Q9CVB6,8,4,6,6,7,9,7,3,10,6,7,6,8,7,6
Q8C1B7,10,9,6,8,8,9,8,9,9,9,9,9,8,9,8
Q01768,8,5,5,7,12,5,4,7,5,10,9,6,9,8,10
O89053,8,8,8,10,9,8,8,7,9,8,7,7,7,10,9
P15532,9,6,3,6,9,6,5,8,5,10,8,6,8,7,11
P28738,11,11,8,10,11,10,6,10,11,7,12,7,10,6,10
P55066,11,8,5,10,11,10,7,4,7,9,11,3,9,9,9
Q8K596,5,6,7,6,7,8,5,5,5,8,8,6,8,7,8
Q68FL4,6,5,5,0,4,6,5,5,6,8,5,6,5,6,6
B9EKR1,11,9,8,8,7,11,11,6,9,8,9,7,10,8,9
O88844,5,6,7,5,10,6,5,6,5,7,6,5,5,5,9
Q60931,9,10,9,10,12,8,8,9,10,10,10,10,10,10,10
Q8CHH9,9,8,6,11,10,8,9,8,10,9,10,10,7,5,7
Q9D6R2,10,11,9,11,10,10,10,7,10,10,12,6,7,6,9
P97797,9,8,6,9,9,9,11,5,10,12,8,9,8,7,8
Q61753,9,9,9,9,9,9,9,7,9,9,9,9,10,9,10
Q9DB20,9,8,7,9,7,10,10,7,10,9,8,6,8,8,10
Q9Z1S5,6,9,7,8,10,7,5,9,9,8,11,8,8,11,10
Q9QVP9,3,13,3,7,7,5,7,6,4,8,12,4,12,7,6
Q8BRT1,10,7,5,6,6,9,9,5,9,8,13,6,8,7,10
Q91V92,8,6,5,9,9,9,9,6,7,4,6,8,5,6,10
P63044,8,10,8,8,8,8,6,9,9,7,9,9,8,8,10
Q61553,6,4,6,6,8,8,6,3,9,6,9,6,7,8,9
P61161,6,9,4,7,7,7,7,4,6,8,6,5,7,9,5
Q9QYG0,9,8,6,6,6,8,6,6,8,6,10,6,8,6,5
Q9R1Q8,8,7,7,7,9,8,6,5,7,7,9,7,6,6,9
Q61696,6,6,5,7,6,6,6,5,9,8,9,7,7,8,5
O35098,7,4,5,7,6,5,5,6,6,7,6,7,5,5,7
P30275,5,3,3,7,10,7,6,4,7,4,10,4,6,7,10
Q9JME5,6,7,5,5,4,6,6,6,7,6,6,7,6,5,7
P70168,8,5,6,7,11,14,6,7,11,8,10,5,6,8,6
Q71LX4,7,10,3,6,6,5,4,3,3,10,7,5,3,10,10
Q8VD37,8,7,4,5,6,10,4,3,9,7,5,4,7,6,8
O70443,8,5,4,7,6,7,6,6,8,8,8,6,10,6,7
Q9CR62,9,9,10,8,8,9,8,7,11,10,10,7,8,9,11
Q9CYT6,8,5,8,9,6,9,7,6,7,8,9,8,8,5,6
P16054,6,7,7,8,8,6,7,4,7,9,7,5,7,11,8
P80316,5,5,5,6,4,6,6,5,8,6,7,3,5,3,7
Q91V12,9,9,8,7,9,6,10,8,7,11,10,9,9,7,11
Q91WC3,9,5,6,9,8,10,11,4,11,10,7,5,5,9,11
P51863,11,9,5,6,8,8,9,9,7,8,7,11,9,9,9
Q9D172,6,8,6,7,8,7,6,7,6,7,8,6,8,8,7
Q9DC69,5,5,5,9,8,11,5,5,7,8,7,4,6,10,10
P62821,9,6,6,7,7,7,10,5,7,8,9,6,8,8,8
Q8BGQ7,5,7,8,6,8,6,7,8,9,6,6,5,7,6,5
Q91VR2,7,6,5,5,7,6,6,5,7,6,6,5,6,5,6
Q9JKK7,6,7,5,6,8,5,6,4,6,7,8,5,6,5,7
B0V2N1,9,4,6,6,7,6,5,4,7,7,8,4,6,10,8
Q99KJ8,6,6,7,9,8,7,8,6,6,6,9,4,5,8,6
P80313,8,7,7,8,9,7,6,6,6,6,9,7,6,8,9
P97300,10,8,5,6,7,8,7,4,11,6,8,8,8,8,8
Q810U4,8,6,5,8,6,8,7,7,7,5,7,6,6,8,8
P48758,7,6,6,9,8,10,8,5,9,7,7,5,7,6,8
Q80TZ3,7,6,7,6,5,6,5,5,8,8,9,6,5,6,8
D3YVF0,10,5,8,8,4,8,7,5,10,9,8,9,7,8,11
P10854 (+3),7,6,4,5,12,12,7,4,4,6,8,4,5,7,8
P19783,7,7,6,5,8,8,5,7,5,6,6,5,8,9,8
P51150,10,9,8,8,8,11,10,8,10,10,6,9,8,6,8
P62748,6,7,6,9,8,6,7,5,8,8,8,6,7,7,7
Q3UNH4,8,5,5,6,6,5,5,5,5,6,6,4,4,6,5
Q99K85,8,8,7,9,10,8,8,8,7,7,10,6,6,5,7
P10630,9,5,8,6,8,8,8,7,9,8,9,7,5,7,5
Q61171,10,4,6,8,9,6,7,6,8,8,8,6,7,6,8
Q61885,7,8,7,8,8,10,7,7,11,8,9,10,8,7,8
Q8R1Q8,7,4,4,5,7,7,6,5,5,6,8,3,5,5,8
Q9EPN1,8,3,4,7,6,6,2,4,7,6,6,6,5,6,5
Q9CQA3,5,5,1,5,6,6,5,4,6,4,5,4,6,3,6
P47708,8,5,6,5,6,6,5,5,7,4,7,4,3,7,8
Q2PFD7,6,4,4,6,4,7,4,3,7,6,10,5,6,5,7
Q8CAA7,9,4,7,9,4,7,5,3,9,8,6,5,5,7,8
Q99LC5,8,7,6,7,7,11,9,6,10,7,10,8,6,7,6
O70133,9,5,6,8,7,8,3,6,5,5,9,7,4,8,8
Q9Z1Z0,7,7,5,9,9,9,6,5,5,9,5,4,5,7,5
Q9D1G1,8,6,5,8,8,8,8,5,7,7,8,6,6,8,7
P21278,5,4,3,6,7,7,6,4,6,5,7,5,5,7,5
Q61207,9,5,9,10,7,9,8,7,6,7,9,7,5,5,7
Q9EQF6,5,3,3,7,8,4,5,4,5,4,5,5,6,5,9
P19157,8,9,7,9,10,8,7,9,7,7,9,7,9,8,7
P23242,8,8,8,4,6,7,9,7,4,5,5,3,6,5,5
Q99JR1,7,6,4,4,7,9,8,4,7,7,6,5,6,6,9
P12787,4,5,3,5,2,5,6,5,4,5,4,8,5,4,7
P21107,8,8,6,7,9,8,6,7,7,9,6,5,5,7,5
P70175,6,5,4,6,4,4,5,5,7,4,6,8,7,7,4
Q8BLK3,5,4,4,3,6,5,6,3,8,8,6,3,5,6,6
Q8R570,7,6,6,7,6,8,7,5,6,9,8,6,6,8,8
Q06890,7,8,9,8,7,12,11,10,3,4,4,1,3,5,5
P61750,0,6,7,7,0,7,6,5,7,6,7,5,6,8,6
P09103,5,6,5,6,5,7,9,5,5,6,3,6,6,5,6
Q791V5,6,6,5,7,7,8,7,4,7,6,6,8,6,6,6
P68040,7,5,6,6,4,9,2,5,4,5,7,6,5,6,6
Q62277,5,6,5,6,8,6,7,4,7,7,7,5,6,7,6
P02088,7,5,5,5,10,6,9,7,5,7,22,5,6,8,6
Q8R0S2,7,6,4,6,6,6,5,4,9,4,9,4,5,5,7
Q99K51,5,6,5,7,8,6,5,6,4,5,7,6,7,5,6
Q9DBF1,6,8,6,9,6,8,9,9,8,9,8,8,6,6,3
Q9R0Q6,8,7,3,6,6,5,4,6,8,6,6,6,8,7,5
P46097,5,4,4,4,9,7,3,5,5,8,6,9,6,7,8
Q7TQI3,9,7,7,9,8,10,6,6,7,8,6,4,8,9,8
P61027,6,6,6,6,7,7,8,5,8,7,8,6,6,7,7
P01831,8,7,6,7,8,8,7,6,8,6,7,7,8,8,7
P62908,8,4,4,8,7,6,7,5,4,7,5,6,5,4,5
P60335,9,6,6,8,4,9,8,7,10,9,9,4,8,8,5
Q6PH08,5,7,8,5,7,5,6,6,6,6,9,3,6,7,9
Q9D0M3,7,7,5,5,6,7,3,7,6,7,7,5,6,6,8
P27546,7,8,6,6,7,8,7,5,7,7,8,4,7,5,8
Q62059,6,5,5,6,8,6,5,6,6,6,6,4,6,5,7
Q9QXY6,6,4,6,5,7,7,5,6,8,7,6,5,3,4,6
Q9Z2Y3,5,3,8,8,5,7,8,6,6,9,6,7,6,7,6
Q05816,8,7,5,6,9,4,5,9,4,9,7,5,8,6,7
Q64514,6,6,2,6,6,5,3,4,9,6,8,6,6,5,8
P63005,6,3,4,6,4,6,5,5,5,6,4,4,6,6,6
Q8CGY8,4,5,3,5,4,3,5,5,6,3,6,6,3,4,5
Q9CPY7,8,8,6,7,9,9,10,7,6,6,6,6,6,7,3
P14869,7,7,6,7,6,8,9,6,8,6,8,5,5,6,7
P35564,7,6,5,8,7,6,6,5,7,7,8,5,5,5,7
P42669,7,7,3,6,8,4,5,7,7,6,9,5,6,6,7
Q62418,7,6,6,5,6,6,7,7,7,6,6,4,6,7,6
Q921I1,6,4,7,5,9,12,10,6,4,5,11,4,5,4,3
Q6P9K8,8,4,4,5,4,4,4,4,4,9,8,7,5,7,8
Q8BGH2,5,4,2,5,5,4,4,3,5,5,6,5,4,3,6
Q8BLQ9,6,5,4,6,4,5,5,3,8,5,10,9,3,7,9
Q8R5H6,7,6,5,5,8,6,7,4,7,8,9,6,6,6,6
Q9R0P3,7,7,5,5,7,5,3,3,6,5,8,5,4,6,6
Q9Z0S1,6,7,6,6,5,6,6,2,6,6,8,8,7,7,6
Q9QUI0,4,7,3,3,8,6,6,6,6,8,9,8,6,8,9
P62242,6,6,7,8,7,8,6,6,7,7,5,6,6,6,6
Q641P0,5,4,6,7,8,7,4,4,5,5,8,6,5,8,5
P62746,8,8,5,5,5,7,8,6,8,7,8,6,8,8,9
P62962,7,6,4,7,6,5,6,8,5,6,6,6,6,6,6
Q3ULJ0,4,3,5,5,4,6,4,6,5,4,6,3,6,5,5
Q8BUV3,6,6,5,5,5,6,5,5,6,5,6,6,6,6,8
Q8VDQ8,7,9,5,5,4,9,7,8,5,9,11,7,7,4,7
Q9JIA1,8,7,6,6,6,6,6,5,7,9,6,8,8,6,9
Q9WUM5,6,4,4,5,6,7,3,4,8,5,8,6,5,4,5
P62983,3,4,4,4,4,5,4,6,3,4,5,4,3,5,5
Q60625,6,5,3,8,11,4,4,5,4,7,8,4,8,7,8
Q60634,6,5,5,5,6,5,6,4,7,7,3,7,5,6,6
Q80TL4,9,5,6,7,7,10,6,8,6,7,8,4,4,4,6
Q9CPV4,7,4,4,5,6,9,6,4,5,6,7,5,5,7,7
Q9D8N0,7,6,8,5,6,4,3,6,7,7,5,5,5,7,7
O88343,4,3,2,4,4,4,4,3,4,6,6,1,4,3,5
Q9JKR6,6,7,2,4,4,6,4,2,6,4,7,3,2,5,8
P58771,7,5,4,5,7,8,7,6,6,7,7,4,5,6,3
O70161,6,6,5,7,5,5,4,3,7,7,8,7,6,7,7
Q8BGT8,4,3,5,7,5,6,4,2,5,5,3,2,4,4,6
Q9R1P0,8,5,6,6,5,6,7,5,7,6,6,6,7,6,6
Q91X97,4,6,4,7,4,7,5,3,6,5,5,4,4,5,4
P45376,4,4,5,5,5,6,5,6,5,5,5,4,5,5,6
Q60598,6,7,6,7,5,6,5,6,7,7,6,5,5,7,6
Q93092,4,5,4,5,4,7,5,4,5,6,5,5,5,3,5
Q9JJK2,6,9,5,6,5,6,5,6,6,7,6,6,8,7,8
Q811D0,7,5,4,7,3,5,7,5,8,8,7,6,4,5,6
P26040,5,7,3,5,7,5,6,6,5,5,5,6,3,4,3
O35737,8,5,6,7,7,7,7,7,7,7,8,5,7,7,7
O88712,6,5,4,6,5,6,7,3,6,5,7,6,5,5,7
P13707,4,5,2,5,5,6,4,6,6,5,7,6,6,4,5
P26638,6,6,6,6,7,7,6,6,7,6,6,6,7,7,5
Q99LX0,5,7,3,4,7,5,3,4,6,7,4,5,6,8,7
O35526,9,5,5,7,6,7,4,4,5,7,6,5,4,4,8
P97315,4,5,2,4,5,5,5,4,5,8,7,4,5,5,3
Q6IRU5,4,5,2,4,4,4,4,2,6,5,4,3,3,4,3
Q9D1A2,9,5,3,5,8,3,5,3,3,5,4,2,2,4,3
P48774,5,3,2,3,3,6,4,0,7,3,4,6,3,4,5
O08638,6,0,0,0,0,9,0,4,0,0,5,0,4,18,0
P57746,7,4,5,6,6,8,6,3,7,7,7,3,5,4,6
Q80XN0,4,7,5,5,7,5,5,5,7,6,6,4,6,5,6
Q9D7G0,5,5,3,7,7,5,4,4,9,5,6,3,4,5,3
Q8BWT1,8,6,5,7,6,5,5,7,3,6,6,4,3,7,6
A2ALS5,8,3,5,9,7,5,7,3,6,5,6,5,5,3,7
O35136,7,4,3,7,6,7,5,2,5,4,5,5,6,6,5
Q9D394,6,3,6,4,6,3,3,5,4,4,4,6,3,5,8
Q9R0Y5,6,5,5,4,7,6,7,4,8,5,7,5,5,5,6
Q9Z0P4,5,4,5,6,7,4,5,5,5,5,7,4,6,5,6
Q6PB66,8,6,3,8,5,4,3,3,5,4,8,3,3,5,9
O35633,5,6,5,6,9,7,4,4,5,6,7,6,5,7,7
P46638,6,4,7,7,6,6,4,5,7,5,7,4,5,4,8
Q9JII6,7,5,6,5,6,6,6,6,5,7,7,6,6,6,5
Q9QXL2,5,6,4,7,9,7,3,6,6,7,5,4,4,6,5
Q99LC3,7,4,3,5,6,8,5,3,6,5,8,4,3,4,7
Q9CR68,4,5,4,5,5,4,5,4,6,5,5,4,5,4,5
Q9WUM4,4,5,2,4,7,4,7,5,5,6,5,7,7,7,4
O88685,4,6,2,5,6,7,5,7,3,4,9,6,5,8,9
P35802,7,6,5,3,8,5,4,6,4,8,6,1,7,8,8
Q91ZZ3,6,6,6,7,4,6,5,6,5,4,7,5,7,6,7
Q6R891,5,4,4,6,7,6,5,3,7,5,6,5,2,7,5
Q9D2G2,5,6,5,6,5,7,6,2,5,8,8,4,6,5,8
Q9D8Y0,6,5,5,7,5,7,6,7,6,7,7,5,5,8,6
Q9ESN6,4,5,4,3,5,8,5,5,7,5,10,4,5,5,6
Q9JHI5,6,7,5,6,4,5,4,7,5,5,6,6,6,7,6
P31938,6,4,4,5,6,6,4,4,7,3,6,2,3,6,5
P14733,6,5,2,4,5,7,5,3,4,8,6,5,2,8,6
P12023,10,6,7,8,8,8,10,11,2,0,2,1,1,0,2
P55258,4,5,4,5,7,6,6,2,5,6,5,4,0,5,7
Q62443,6,4,5,5,7,6,6,3,6,7,6,4,6,6,6
Q8K0S0,5,4,4,4,4,6,7,5,6,6,6,5,5,6,4
Q9CZC8,5,4,5,7,7,7,6,5,6,5,5,5,5,6,8
Q9DCJ5,4,7,5,6,6,6,5,5,6,5,8,6,7,6,8
P20108,4,6,2,4,6,3,5,4,4,7,4,6,6,4,6
P53994,7,5,6,7,7,9,6,5,7,6,4,5,7,7,7
Q9DCW4,5,6,5,6,7,6,6,5,4,6,6,4,6,7,7
Q9R0P5,6,5,5,6,6,4,7,3,7,4,6,5,5,6,6
P61028,4,3,5,6,0,0,0,0,6,4,5,0,3,4,6
P12970,5,6,4,6,5,6,5,5,3,4,3,5,7,4,7
Q9CZ44,5,6,7,4,5,5,6,8,6,6,5,6,7,4,7
Q9D0M5,5,6,5,5,5,5,4,5,4,5,5,4,5,5,6
Q61990,7,5,5,7,4,8,6,4,6,5,6,4,5,6,6
Q9ER00,6,5,6,6,3,4,8,6,4,5,5,7,6,5,8
Q6PER3,3,4,4,2,6,3,4,3,4,5,5,4,3,2,3
Q8BKZ9,5,6,4,4,5,5,3,2,4,4,3,5,7,4,2
Q9D0K2,5,3,3,6,5,5,5,4,5,5,7,5,4,4,5
Q64727,5,4,3,6,7,8,8,2,1,2,6,2,1,6,1
P29341,7,5,5,4,5,7,5,4,6,4,4,4,4,4,3
Q9CPU0,5,3,3,4,4,5,4,3,3,6,4,5,5,4,5
Q8K183,4,2,3,4,6,3,3,3,3,6,5,5,6,6,7
O55042,5,4,5,5,6,5,3,5,5,4,5,4,7,6,6
P61164,8,5,3,6,7,7,5,5,7,7,8,5,5,4,5
P70336,3,6,3,4,6,4,4,5,7,6,8,6,4,6,5
Q68FF6,2,6,3,3,2,3,4,3,3,3,4,5,4,4,3
P53810,4,4,2,5,2,5,4,4,3,4,5,3,2,4,5
Q61490,3,5,3,4,5,4,9,3,5,6,5,3,4,7,8
Q6PHN9,5,3,5,5,4,5,6,3,5,6,6,4,3,4,6
P62270,6,6,5,5,5,6,6,5,6,6,7,6,6,5,6
Q6WVG3,6,7,6,7,6,4,7,5,4,6,5,4,6,7,6
Q7TQD2,4,4,4,7,5,8,5,5,8,5,7,4,6,5,5
Q922D8,7,6,6,4,5,4,5,5,3,6,4,2,3,4,6
Q80VP1,6,5,4,6,3,4,4,6,4,7,8,4,6,5,8
P60469,5,5,5,7,5,5,5,1,6,5,6,3,4,5,7
Q8R5C5,8,4,4,6,5,7,4,5,7,6,7,3,4,4,6
P28740,5,5,4,5,8,7,5,5,3,7,6,4,4,6,7
P50247,4,4,4,5,7,4,3,6,4,5,6,3,5,3,4
P97351,5,3,2,5,4,4,3,3,3,2,7,4,3,5,6
P99027,7,6,7,6,5,7,7,7,7,6,6,5,5,5,6
Q91WS0,6,5,6,6,6,7,6,5,7,5,6,5,5,5,8
Q9DBG6,8,5,4,7,7,9,6,5,5,5,8,3,4,5,7
Q9DCT2,4,5,4,6,6,7,6,6,6,6,5,6,5,7,6
Q60902,5,3,4,5,4,1,2,2,3,8,7,4,2,4,5
Q6R0H7,4,3,4,5,3,6,4,3,4,5,4,3,5,3,4
Q63844,4,3,4,3,4,6,3,4,2,5,5,3,4,4,4
P63082,2,1,4,5,4,4,3,3,3,2,5,1,0,4,5
P14206,6,3,5,6,5,7,6,5,6,6,6,4,4,6,5
P27659,5,6,4,6,2,4,6,3,3,2,7,4,7,5,4
Q91WD5,2,3,4,4,3,4,4,3,6,4,4,5,4,5,4
Q925N0,5,4,5,7,5,7,3,4,5,4,7,3,5,4,7
Q9D6J6,7,6,4,6,6,5,7,5,4,6,9,7,5,6,7
Q9Z204,4,5,4,4,5,6,5,5,7,5,5,5,5,5,6
P31648,5,6,1,3,5,4,3,3,4,3,3,4,6,3,5
E9Q3L2,7,4,2,3,6,3,1,1,7,8,3,4,4,6,3
C0HKE1 (+15),5,3,4,5,3,6,4,4,4,4,6,4,4,4,6
Q9DC51,5,5,5,4,6,6,5,4,0,0,5,5,5,5,4
Q8BG05,3,5,4,4,4,5,3,6,5,6,3,3,5,6,5
Q9CZ30,3,3,3,4,5,4,3,3,3,5,5,5,6,4,5
Q9WTX5,4,6,3,5,5,4,5,6,4,6,5,5,4,4,5
P12658,7,6,4,9,6,6,8,3,3,4,7,5,5,6,6
Q8BG39,3,4,4,5,5,6,3,3,4,5,5,3,5,4,5
Q8R3V5,4,2,4,3,4,4,3,4,6,3,4,4,6,5,4
P20444,6,3,2,6,5,5,4,4,6,6,6,2,4,4,5
O08585,4,4,3,4,3,3,3,3,5,4,4,3,3,3,4
O88643,5,4,3,5,6,7,4,4,6,5,4,4,4,6,7
Q61656,4,4,4,4,3,5,5,4,6,4,7,4,4,5,6
Q8VDM4,5,5,4,4,9,5,3,6,4,4,5,4,5,4,6
Q921M7,6,4,6,5,5,5,6,4,6,4,6,6,6,6,9
Q9R1P4,4,4,4,6,3,4,4,3,5,5,5,2,4,6,4
Q60668,3,4,3,4,6,6,6,3,5,5,5,5,4,6,6
Q78ZA7,6,4,2,5,6,3,3,5,3,4,5,3,4,2,8
P31324,7,5,4,6,4,7,6,2,3,6,4,5,5,5,6
Q9D7X3,7,6,6,6,6,6,6,6,7,6,7,6,6,6,6
Q9WU78,5,5,5,5,5,4,5,3,4,5,4,4,4,5,5
Q99N28,3,4,2,3,6,3,2,5,4,4,7,3,3,5,4
Q8CGC7,4,7,1,6,6,4,1,5,5,5,4,4,4,5,5
P14148,3,3,4,3,2,4,3,3,3,3,2,4,3,3,3
Q6P1F6,6,5,4,6,6,5,4,4,5,6,6,4,5,5,7
Q9QXV0,5,4,5,3,6,4,4,5,4,4,4,4,4,4,6
P97450,6,5,5,5,6,5,3,5,3,4,7,5,5,6,6
Q8CDN6,5,4,2,4,5,3,1,5,2,4,3,3,4,1,3
Q9JM76,4,3,2,3,3,2,1,3,4,2,4,4,4,3,4
Q91YQ5,6,3,4,6,6,5,4,2,3,6,3,4,4,6,2
Q99PT1,4,4,4,5,5,6,6,5,4,5,4,4,6,3,6
O08917,5,5,4,5,5,4,5,5,4,6,3,4,3,6,6
P34884,4,5,6,5,4,4,5,5,5,5,4,6,6,4,4
Q6ZPE2,4,2,2,4,7,3,2,2,4,4,5,2,2,2,5
Q9WVK4,3,5,5,4,6,5,5,4,5,6,6,4,4,6,2
Q91WQ3,5,5,4,3,2,4,2,4,4,2,3,3,5,6,3
Q9WV34,5,3,4,3,4,7,4,4,4,5,5,4,4,3,6
Q99PJ0,5,3,3,5,3,2,5,4,5,3,5,5,2,1,5
Q921G7,6,5,4,4,6,2,6,5,4,5,6,2,6,5,6
Q91VI7,5,4,3,4,5,4,3,3,4,5,6,4,2,4,4
Q9D819,1,2,3,2,5,4,3,4,3,4,5,3,2,1,3
O35927,5,3,2,4,6,6,3,2,6,5,5,2,4,4,5
Q9QXZ0,5,3,0,4,2,4,0,1,4,6,5,3,3,3,7
P14231,6,6,4,5,4,7,6,6,5,5,5,6,5,5,5
P56391,4,5,4,5,6,5,5,6,5,6,6,4,5,6,6
Q8C0M9,3,4,4,5,3,3,4,4,6,4,3,5,4,4,3
Q8R366,5,4,4,6,4,4,4,6,5,6,6,3,5,5,8
Q8R001,2,2,2,4,7,3,1,1,3,2,5,1,0,5,3
P60766,4,5,3,5,7,5,4,5,6,5,4,5,3,4,5
Q60605,7,4,4,3,5,5,6,4,5,4,6,4,4,5,6
Q6ZWN5,4,3,5,4,4,5,4,4,5,5,3,4,4,3,4
Q80XI4,7,5,4,5,6,4,2,6,5,6,6,4,6,5,6
O55125,4,2,2,4,5,5,3,2,6,6,5,3,5,5,5
P60487,6,5,4,5,4,4,5,3,3,6,7,5,5,3,6
Q8BKC5,5,3,3,5,6,8,5,5,4,5,4,4,4,5,4
Q9CR16,2,4,4,4,4,4,2,4,5,4,1,5,5,4,5
Q9QZQ8,2,2,3,5,2,5,4,2,3,2,3,3,2,5,2
P21619,4,3,4,2,4,3,3,3,5,7,4,5,2,4,6
Q80YN3,4,6,4,4,4,6,3,7,5,7,4,4,7,0,5
E9PUL5,4,3,5,2,2,5,5,4,4,5,4,5,5,5,3
Q9DBP5,5,5,6,4,5,5,5,4,5,5,7,4,4,5,6
O88447,5,5,3,3,4,4,3,3,6,6,4,1,2,5,3
P0C0S6 (+1),3,3,3,4,3,5,2,4,4,1,5,3,3,4,5
Q91ZX7,7,5,2,4,4,8,7,3,2,5,4,3,1,4,2
Q9Z268,5,3,3,3,5,3,4,1,5,7,7,5,5,5,6
P29387,4,4,2,5,4,4,1,3,5,5,3,2,0,4,6
Q922R8,6,5,5,6,6,5,5,5,5,5,5,4,4,6,6
Q922Q1,3,3,3,4,4,5,4,1,3,3,3,3,2,2,5
P63001,5,5,3,5,7,3,3,5,5,5,6,5,3,6,3
Q61792,5,2,2,2,5,4,2,1,3,5,3,3,2,3,2
P63024,5,0,0,4,5,0,0,0,0,0,5,0,0,0,0
O88544,6,4,3,5,5,8,3,5,3,4,5,4,4,4,5
P00493,4,5,5,5,7,4,4,6,5,5,5,4,4,5,5
Q64516,4,4,3,3,3,3,3,4,3,4,3,4,5,3,4
Q8BH95,4,3,4,5,4,3,4,6,5,5,4,5,4,5,4
Q9DCN2,6,5,3,5,6,6,5,5,5,5,5,4,6,5,6
P11627,6,3,2,6,5,3,2,2,7,2,5,3,3,5,6
Q8CC35,4,4,1,4,2,5,4,3,3,5,4,3,4,5,4
Q3UHD9,3,5,2,3,6,4,2,2,4,2,5,3,4,4,6
Q3UHB1,1,3,4,5,5,2,2,3,4,4,5,4,2,6,2
P26043,3,5,0,3,5,4,3,3,4,3,0,5,3,2,3
O55023,6,5,5,6,5,6,6,4,6,4,6,5,5,5,6
Q3THE2,6,3,4,5,3,5,5,6,4,5,5,5,4,3,4
Q9D8E6,5,4,4,4,5,5,4,4,4,5,5,4,4,3,4
Q8BJI1,4,4,4,7,5,2,4,3,6,4,6,4,6,4,8
Q99JY0,6,4,3,2,5,4,5,4,1,3,2,3,3,4,3
Q80UG5,4,2,3,2,2,5,4,4,3,4,4,2,3,2,2
Q9Z2D6,6,2,3,4,3,5,2,2,2,5,4,2,2,6,4
Q80U28,5,4,1,1,2,2,4,3,2,3,4,3,0,2,1
Q8R071,2,6,1,2,3,6,3,1,5,6,3,2,6,7,4
O55234,5,3,3,5,6,5,6,5,4,6,4,4,4,4,4
Q3U0V1,5,4,5,5,4,4,4,5,4,3,5,6,4,5,3
Q60676,5,4,3,2,4,5,4,4,4,6,3,3,5,3,4
Q9JMA1,5,5,4,3,6,7,4,4,2,5,5,3,3,3,5
P52503,2,4,5,3,1,3,4,4,4,4,4,3,4,4,4
Q8BVQ5,4,5,4,4,2,5,4,4,4,4,5,5,5,5,4
P84096,4,6,3,5,6,5,4,3,5,6,5,5,4,4,5
O35874,3,3,4,4,4,4,5,3,3,4,4,4,5,4,3
P62702,3,1,2,1,3,3,4,3,4,1,4,2,3,4,4
Q9Z2U1,3,4,3,4,5,5,2,2,5,4,2,0,3,5,2
P27601,4,2,3,3,5,6,3,3,4,3,3,3,4,3,4
O88448,4,3,5,4,5,4,2,4,4,4,3,4,3,4,4
P60843,6,3,3,5,6,4,3,3,5,3,5,0,0,0,3
P09671,5,5,4,4,3,6,5,4,6,5,5,4,5,4,4
Q99LF4,5,3,4,5,4,3,6,3,5,4,4,3,3,3,4
P01942,4,2,3,3,5,6,5,3,3,4,17,3,3,6,3
P48318,3,1,1,3,4,1,2,1,6,1,7,2,3,5,6
P12367,5,5,2,6,5,6,2,2,6,3,6,3,4,4,6
Q91Z53,5,2,4,5,4,5,3,3,4,3,4,4,3,4,5
Q9QUM9,5,3,4,4,6,4,6,4,3,4,5,3,4,5,4
Q9QZM0,5,3,2,6,6,4,3,6,5,6,7,3,5,5,6
Q922B2,5,4,3,2,6,4,4,3,4,4,3,5,4,4,5
Q640R3,3,5,1,3,7,3,4,3,4,4,6,1,3,1,4
O70172,6,4,4,5,5,5,2,6,5,6,6,4,5,5,6
P70333,5,4,0,5,4,6,5,5,6,5,4,3,4,5,6
O08795,4,5,5,7,5,4,5,5,4,5,5,4,5,6,5
P08228,3,4,5,4,5,4,4,4,6,4,4,6,4,5,5
P42208,5,5,4,5,5,4,4,4,4,5,5,4,5,6,3
Q62167,4,3,3,3,4,3,4,3,3,3,4,4,3,2,3
Q9R1V6,7,5,4,5,7,5,3,3,4,5,6,4,4,5,5
P35438,2,3,4,2,2,3,2,3,5,2,5,3,2,4,3
P63242,2,2,1,2,4,5,3,2,2,3,3,2,2,3,2
Q8C1A5,4,2,2,5,6,3,5,4,2,4,6,5,1,6,5
Q9DB41,5,5,5,5,4,5,4,5,5,4,5,5,5,5,5
Q64487,4,0,2,2,6,7,0,0,0,4,5,2,2,5,4
Q61768,0,6,3,4,6,8,3,3,0,2,0,2,4,2,6
P35278,7,3,5,4,4,4,6,3,5,4,5,3,5,4,7
P61089,4,4,3,3,4,4,4,3,5,3,4,3,3,4,4
O35295,4,2,3,3,4,2,5,4,5,3,5,5,4,4,3
Q8K212,2,1,3,5,3,2,4,2,4,3,5,3,2,1,2
Q8BIJ6,4,1,1,2,2,2,2,1,4,5,5,5,1,1,2
Q08331,5,4,2,4,6,4,5,4,6,5,7,4,4,4,8
Q80W21,4,5,0,4,4,7,5,0,6,4,5,5,0,5,5
O35215,5,4,6,6,5,6,3,3,4,6,5,3,5,5,4
Q64433,3,2,3,3,4,3,2,3,3,2,3,3,3,3,4
Q9QY76,4,5,4,4,6,5,5,2,5,3,3,3,4,4,5
Q9Z2U0,4,2,2,5,4,4,3,3,5,2,4,4,3,3,6
Q5FWK3,6,3,3,4,2,3,4,3,6,3,5,3,2,6,5
P25444,3,3,2,3,3,4,4,2,3,4,5,3,3,2,3
Q8BLR2,2,3,4,5,3,3,5,2,6,6,5,2,4,4,3
Q9CQW1,3,2,1,2,4,3,2,2,4,3,2,3,2,2,3
Q99JY8,4,2,2,4,3,3,2,1,3,4,3,3,3,4,2
P63168,5,5,3,4,5,4,3,3,3,4,4,2,5,5,5
Q08642,7,5,5,5,6,5,6,5,4,7,3,0,4,5,2
Q8K386,5,4,0,5,0,4,0,0,4,0,6,0,4,5,6
Q63810,7,4,4,4,4,4,4,3,6,3,4,4,3,4,5
Q80UW2,4,5,5,5,6,4,6,3,6,4,3,4,3,3,3
Q99JI6,4,4,4,4,5,4,3,4,4,4,5,3,4,4,5
Q9QYJ0,4,3,4,3,3,4,3,3,5,5,2,4,5,5,5
Q8BH66,4,2,3,5,4,3,3,1,5,1,3,5,2,3,6
Q8BP47,5,2,3,3,2,4,3,2,5,2,2,0,2,1,3
Q01097,4,0,2,2,3,3,3,0,5,3,2,1,3,2,3
Q8VCW8,2,3,1,4,2,5,3,4,0,3,3,2,0,4,1
P61294,3,3,4,4,3,3,5,2,5,3,5,3,3,3,5
Q8BIZ1,5,5,3,6,4,4,4,4,5,5,5,5,4,6,4
Q9JM52,4,2,3,3,4,4,3,3,4,4,4,3,5,5,4
P46664,3,4,2,4,5,6,4,3,4,4,5,2,4,4,4
Q5PR73,4,3,4,4,4,5,3,3,3,4,6,4,4,2,3
Q5SSL4,3,3,2,6,4,5,5,5,4,3,4,5,5,5,4
Q8VHW2,3,2,4,3,3,4,3,2,3,4,3,3,4,4,1
O70251,4,4,4,5,5,5,5,4,5,4,4,4,3,3,4
Q99KB8,4,3,3,2,3,2,2,1,3,4,3,3,2,4,3
P24527,5,5,3,4,4,6,5,3,5,3,3,2,1,4,4
Q3TXS7,4,4,6,1,4,2,2,4,0,2,3,3,3,3,3
Q8K3H0,3,2,4,6,2,3,3,2,4,2,2,3,1,2,5
P70398,7,3,0,3,1,2,3,1,4,2,7,1,1,3,3
P27661,4,2,3,2,2,4,2,3,2,1,4,2,2,2,3
P35279,4,4,0,4,4,5,5,0,3,4,5,4,0,4,5
P15116,4,4,2,4,3,4,3,3,2,5,3,4,2,5,3
P62482,4,4,3,3,7,1,3,3,5,4,4,4,2,2,4
P26041,2,3,2,2,5,5,4,2,3,2,3,4,2,1,2
Q3UVX5,2,4,2,3,2,3,4,1,5,5,3,3,4,5,6
P15508,4,3,0,4,3,3,2,2,3,3,4,3,3,4,5
Q80Z24,4,4,5,5,4,4,4,3,5,4,4,5,5,5,5
Q00PI9,6,4,3,3,4,4,2,4,1,5,4,7,6,4,2
P70349,3,3,3,3,3,5,5,3,5,4,4,3,3,4,4
Q64105,2,4,2,3,4,4,3,4,2,6,6,3,4,4,4
O08529,2,1,2,3,3,5,3,2,1,1,3,1,2,3,1
Q8JZS0,2,3,1,2,2,4,3,3,4,2,2,3,2,2,2
Q9JI91,5,0,0,4,6,0,4,0,0,4,4,0,0,6,6
Q9D855,4,4,4,4,2,4,4,3,3,4,3,4,4,3,3
Q62425,3,4,4,4,4,4,3,4,4,4,4,2,2,2,4
Q64133,4,3,3,5,4,5,4,2,3,5,2,4,4,4,4
Q03137,3,4,3,4,6,4,3,4,4,4,4,2,3,5,3
Q9Z1N5,1,5,2,3,3,3,2,3,3,3,3,4,3,3,6
Q8VIJ6,4,3,3,5,2,4,2,3,4,4,4,2,3,2,3
Q8VHH5,3,5,3,3,2,2,3,2,4,4,3,4,3,2,2
P70441,4,4,3,4,2,3,2,2,4,5,3,2,3,1,2
P70414,1,2,1,3,2,2,2,1,5,4,2,2,3,4,5
P35762,3,3,3,5,5,5,3,4,5,4,5,3,3,3,4
Q8BH44,3,3,1,4,3,4,2,1,3,3,3,1,3,4,3
Q8R5M8,2,5,0,1,3,1,2,1,3,4,1,3,3,2,2
Q6PDL0,1,1,2,2,4,5,2,1,5,5,5,1,3,3,5
Q5SRX1,2,1,0,2,1,3,2,1,1,2,5,3,2,1,2
Q9D8W5,5,3,3,5,3,4,5,3,4,5,6,4,3,4,4
Q9QZX7,3,2,3,4,4,4,2,4,4,3,3,3,4,2,3
Q9QYB5,3,3,2,3,5,5,4,3,3,3,3,4,2,5,4
Q64737,2,3,2,1,5,2,1,4,3,2,5,2,1,2,4
Q9JMH9,2,3,1,2,2,7,1,2,3,4,3,2,3,3,4
Q61166,1,1,2,2,2,2,2,3,2,1,2,2,2,2,1
P18572,4,5,4,5,4,3,4,3,5,3,4,2,4,4,5
P35980,5,5,4,5,5,5,5,5,4,4,5,4,4,5,5
Q9CRB9,4,5,4,4,7,4,4,5,3,5,5,4,5,3,5
Q9WTP7,5,4,3,3,4,4,5,4,4,4,5,4,3,4,5
Q80TL0,4,4,2,4,2,5,3,4,4,4,7,4,4,6,4
Q8BG32,2,3,2,4,4,3,5,2,3,3,3,1,1,2,4
P24288,2,1,1,3,4,4,4,3,4,5,4,2,4,4,4
Q9ERK4,2,2,1,2,2,5,3,4,5,5,5,1,2,3,3
P59279,5,0,0,6,5,0,0,4,0,0,0,4,5,5,0
Q8BYM5,5,3,3,3,3,4,3,3,3,3,4,3,4,5,3
P26883,3,5,4,4,5,5,4,4,4,5,4,3,4,5,5
Q9CS84,4,5,5,6,1,5,4,4,4,4,2,3,2,3,2
Q9R0N7,3,4,1,3,2,4,2,1,3,3,3,2,3,2,4
P20917,2,2,1,2,4,4,2,1,4,4,6,2,3,1,4
Q501J6,5,3,3,4,3,5,3,4,3,5,5,4,4,3,5
Q9Z130,4,3,4,4,5,5,4,3,5,4,3,4,4,4,3
P28661,4,1,2,2,6,6,2,3,3,3,4,3,2,1,2
Q3UPL0,3,3,0,3,2,3,3,1,3,3,3,1,4,2,2
P70372,6,3,3,3,4,4,4,3,3,4,4,4,3,3,4
Q9DCD0,5,3,2,3,4,2,4,3,5,4,4,2,3,3,4
Q9JMH6,4,3,3,5,4,4,4,4,3,5,5,3,2,4,5
Q9DC07,3,4,3,2,3,3,2,3,3,2,5,2,3,4,3
P46471,6,3,3,1,3,4,3,3,4,4,4,4,3,4,5
Q99MN9,4,2,2,2,8,6,2,3,3,3,4,2,2,4,4
Q9CQQ7,3,2,1,2,4,6,2,4,4,4,4,1,5,4,4
P62196,5,2,1,2,4,6,2,1,2,2,3,2,1,5,4
P51174,5,2,1,1,4,5,4,3,1,4,0,3,0,2,1
P63321,2,4,1,2,6,2,3,2,1,4,5,3,4,4,3
P10922,5,4,3,4,5,4,4,5,5,4,4,3,5,4,4
Q9CX34,4,4,2,4,5,5,3,2,3,4,5,4,3,3,2
Q8R0A7,4,2,3,3,2,3,3,3,3,3,3,4,3,2,2
Q812A2,4,4,3,3,5,2,3,5,3,5,5,5,6,3,3
A2RT62,5,3,2,5,4,3,4,1,2,6,2,5,4,3,4
P53026,3,3,3,3,4,2,3,3,3,3,4,2,3,3,4
Q3TXX4,3,2,1,2,3,4,2,3,4,5,1,2,4,3,2
Q9CQW2,4,3,5,5,6,5,4,4,2,3,4,2,2,2,2
P97379,4,3,1,5,5,5,3,0,4,3,5,2,2,3,5
P56135,2,4,0,4,5,5,3,3,3,3,3,3,3,2,3
P47809,5,4,2,4,4,3,4,4,4,4,4,4,3,2,3
Q9CPP6,3,3,3,3,5,3,2,4,4,5,4,2,3,3,4
P28474,3,5,2,4,3,4,3,3,3,4,3,2,3,3,3
P63158,2,3,3,3,4,5,1,2,4,4,5,4,2,4,3
P84086,4,3,3,3,4,2,2,3,3,2,3,3,2,2,4
Q9WUR9,1,3,2,3,4,3,4,0,5,1,2,1,2,2,1
Q7M6Y3,4,4,3,5,4,5,4,3,5,4,5,4,4,5,3
Q9CQD1,5,3,3,4,5,5,4,2,6,2,5,4,1,5,6
P52760,4,5,4,3,5,7,3,3,4,4,4,4,4,4,3
P57776,3,3,3,6,5,4,3,3,6,3,5,4,4,3,5
P61226,3,2,3,5,3,3,4,4,4,4,5,4,5,5,5
P62881,4,3,3,4,4,3,3,4,3,3,3,5,3,4,4
Q9CR61,4,3,3,3,4,4,3,3,4,4,2,3,4,4,5
P62082,1,3,1,2,4,4,2,1,3,2,3,2,3,3,3
Q99020,4,4,3,4,4,4,4,4,4,5,4,4,4,5,4
Q9CQZ5,1,4,2,3,7,2,3,2,3,3,5,2,2,5,4
P61021,5,4,4,4,5,4,4,2,5,3,4,3,3,3,5
P63037,3,2,2,1,3,4,1,1,2,3,3,4,3,3,3
Q9CWJ9,3,2,1,3,4,3,3,2,2,2,3,1,2,2,2
P63213,3,1,1,2,2,3,2,0,1,1,2,1,2,2,2
P49615,4,2,2,5,0,4,3,2,6,3,5,3,3,3,3
Q4ACU6,4,2,0,3,3,2,3,1,2,2,4,2,4,3,4
Q62419,1,3,2,1,3,1,1,4,1,5,4,3,3,4,4
Q9CS42,0,0,0,0,0,3,0,0,6,0,3,0,0,0,0
P35979,5,4,4,4,5,4,4,4,4,4,4,3,4,4,5
Q9D898,4,4,5,4,4,4,4,3,4,3,4,3,3,5,4
Q07076,3,5,3,3,4,4,4,3,3,3,4,4,2,3,3
Q9JLZ3,2,3,2,2,3,3,3,2,3,2,4,3,2,3,3
Q91VM9,2,3,3,3,3,4,2,2,4,3,6,3,3,5,4
Q6P1B1,2,4,4,3,4,2,3,2,3,4,2,2,2,4,2
P60867,3,2,3,4,2,2,2,2,2,1,3,3,2,3,1
Q91W50,3,4,2,2,1,3,3,2,4,4,2,3,1,1,2
Q9CZD3,2,3,4,4,3,5,5,3,3,4,3,3,3,1,5
Q61081,4,1,4,3,1,4,3,2,5,4,4,2,3,3,5
Q8BG51,4,4,3,4,2,2,4,4,0,4,5,2,3,5,5
P57722,4,0,2,3,0,0,0,0,0,4,4,2,0,0,8
Q9CXY6,3,3,3,3,3,3,3,4,3,3,2,4,4,2,2
Q9CQI6,2,3,2,2,2,3,2,2,2,3,3,3,2,4,2
Q8BJU0,4,2,1,1,1,1,3,2,3,4,5,3,3,3,4
P24472,3,3,3,2,4,3,3,3,3,4,2,2,3,3,3
Q7TMK9,3,2,2,2,1,4,3,4,2,4,4,3,2,3,1
P29758,5,2,1,5,4,5,3,2,3,4,3,2,3,4,3
P18242,3,2,3,4,4,4,3,3,2,2,2,1,2,2,3
P60904,1,2,2,2,3,3,1,3,3,4,4,3,4,1,2
P45591,4,5,2,4,3,2,3,3,3,3,3,3,3,3,3
Q9DAS9,3,0,2,2,4,3,1,3,3,3,3,3,2,2,3
P35283,3,4,4,3,3,3,4,2,3,3,5,3,4,3,3
P62192,4,3,3,3,3,4,2,4,2,3,3,4,4,3,4
O55022,3,3,3,4,4,3,2,2,3,4,4,3,2,3,3
Q61151,4,3,3,4,3,3,2,5,3,5,5,3,2,4,4
Q8BW96,3,3,2,4,5,1,2,3,2,3,5,2,3,5,6
Q9Z2W9,3,3,2,7,3,3,3,3,3,3,3,2,3,4,2
P56695,3,1,2,1,2,4,2,0,2,1,3,1,1,2,5
Q71M36,4,5,2,4,2,2,2,3,1,5,3,1,0,3,2
P47911,3,3,3,4,3,4,4,3,3,4,3,3,3,4,4
P52196,3,4,3,3,4,3,4,4,3,3,2,2,2,3,3
Q8K4Z3,3,2,3,3,3,2,2,2,3,2,5,4,2,6,4
Q9QYS2,2,2,3,3,3,5,3,2,4,3,3,2,3,5,3
P49442,3,2,3,2,3,3,1,3,3,4,4,3,4,2,1
P59999,2,2,2,3,4,3,3,2,6,4,3,4,3,5,5
O55126,2,3,1,2,1,2,2,1,2,2,4,3,1,1,2
Q60737,2,1,2,4,5,3,3,3,3,3,3,2,3,2,3
Q920P5,3,3,2,2,4,2,2,1,2,3,3,1,2,3,1
P06801,3,1,2,3,7,6,2,1,4,2,2,0,1,1,2
P26039,4,4,0,4,4,6,5,1,0,1,4,0,0,3,2
P62827,4,4,3,3,3,3,3,4,4,4,3,4,3,3,4
Q61411,5,4,3,3,4,6,4,3,4,4,4,2,4,3,3
O70589,3,4,4,4,3,2,3,2,4,4,2,3,3,3,5
Q61937,3,4,4,2,2,3,1,3,4,2,2,1,1,2,2
Q99L47,3,1,3,3,4,3,2,3,3,2,3,3,2,3,3
B9EJA2,2,2,1,2,3,2,3,0,4,1,4,2,3,3,2
Q8CGK3,2,4,3,2,2,3,4,1,4,3,2,3,2,4,3
Q9Z2X1,4,3,0,5,4,4,4,4,4,4,4,4,4,4,4
P62835,0,3,3,3,3,3,0,3,3,3,4,3,3,3,4
Q9CQH3,2,3,2,3,4,1,3,4,2,2,3,2,2,2,2
Q99L43,4,4,2,2,4,3,4,3,3,4,4,4,3,2,4
P35803,3,4,3,4,4,4,3,1,3,4,4,3,4,4,3
Q8CBY8,3,2,2,3,4,3,2,2,1,2,3,2,2,3,4
Q62465,3,2,2,3,2,3,3,2,3,4,4,2,3,4,4
P48320,3,2,2,2,5,3,2,2,2,2,4,2,4,2,7
A2AGT5,2,3,1,3,2,3,1,3,5,3,4,3,0,1,2
P63141,4,4,3,3,4,4,3,3,5,4,4,3,3,3,4
Q8BNY6,4,4,4,3,2,4,4,4,4,4,3,3,4,4,3
Q921F2,3,4,3,3,3,3,4,3,4,3,3,3,3,2,3
Q91VN4,4,2,2,4,5,4,3,3,4,4,4,2,3,4,3
P50544,6,2,3,3,3,6,4,3,2,2,4,2,4,3,3
Q9Z0R4,2,3,2,2,3,4,2,3,2,2,2,3,2,2,2
P54227,6,4,3,2,4,2,4,4,2,4,3,3,4,4,4
Q9D415,3,3,3,4,2,3,2,3,3,3,5,4,3,3,2
O35678,4,2,3,7,4,2,3,1,4,2,5,1,2,3,3
Q9R1P1,3,1,1,3,3,3,4,1,3,3,3,2,1,3,3
Q91VR5,3,3,3,2,2,4,2,2,2,3,4,3,2,1,3
Q99J99,3,2,3,2,4,5,4,3,4,3,2,1,2,2,3
sp|Q6ZPJ3|UBE2O_MOUSE,4,2,2,4,3,4,2,2,2,2,3,2,3,1,5
P54728,2,2,2,1,3,3,3,2,2,2,2,2,2,2,2
Q8K400,3,4,5,3,2,2,2,2,3,4,3,2,5,2,4
Q9EPJ9,1,2,1,6,3,3,3,1,4,3,3,4,3,3,3
Q9JLV5,3,3,3,3,4,3,3,1,3,3,4,1,3,3,6
Q8C419,1,2,0,1,0,1,1,1,0,3,1,2,1,1,4
P16460,2,2,1,3,2,2,1,1,2,2,1,0,1,2,2
Q9CY58,4,3,3,3,3,3,3,4,3,4,4,3,4,5,4
Q3TC72,2,2,3,2,2,2,2,3,2,2,3,2,2,2,3
Q9Z0X1,4,4,3,2,2,4,3,1,3,2,2,3,3,3,3
P62918,2,2,2,3,3,3,2,3,3,3,3,2,3,3,2
D3YZU1,3,4,1,5,4,2,1,3,2,4,3,3,2,3,2
P61202,4,2,2,2,3,2,3,2,2,2,3,2,6,2,5
P63216,1,2,1,3,1,3,4,1,2,1,3,1,1,3,3
P32037,3,2,3,2,3,2,1,2,1,4,3,2,2,4,3
Q3U1J4,2,2,1,1,3,3,1,2,1,3,2,1,2,2,3
P51410,2,3,2,3,2,3,3,2,4,1,5,2,3,1,5
Q9Z1Z2,4,3,2,1,3,3,2,1,3,2,4,2,3,3,4
Q9JLB0,0,3,4,1,4,3,3,2,3,4,3,2,0,3,4
P20060,4,2,3,6,5,4,4,2,0,0,1,0,0,1,0
P58774,5,0,0,0,0,5,4,0,0,0,4,0,0,4,0
Q6NZL0,3,2,2,3,3,3,2,4,3,4,3,3,2,2,5
P23506,3,3,2,3,3,4,4,3,3,3,4,3,3,4,4
Q06138,4,4,3,3,2,4,3,3,1,4,4,3,4,4,3
Q8VED9,3,3,3,3,3,2,2,2,2,3,2,3,3,2,1
Q61481,4,2,3,3,4,2,3,3,5,3,4,4,3,4,3
P14131,3,3,4,4,1,4,3,1,4,3,3,3,3,1,3
Q8BNW9,1,2,0,2,2,3,1,2,3,4,3,1,2,5,2
Q99NE5,2,3,1,2,4,3,0,2,2,3,4,2,2,2,1
P47753,3,2,1,2,3,3,2,2,5,3,3,3,3,1,2
Q9CQN1,4,2,2,4,2,3,4,5,3,3,3,5,5,2,3
Q5DU25,3,2,0,2,3,2,2,0,3,4,4,0,2,4,3
P67871,3,2,3,2,2,4,3,3,4,2,3,2,3,2,3
Q9D2N4,4,3,2,3,3,2,4,2,3,3,3,2,3,4,4
P47963,3,4,3,2,3,3,4,4,3,4,3,4,4,4,3
Q8BHZ0,3,2,2,2,3,3,3,2,4,4,4,3,3,2,3
Q9CR57,2,3,3,4,4,2,2,1,4,2,2,2,2,5,4
Q9JKB1,1,3,2,3,4,1,4,1,1,2,3,3,3,2,3
Q8VE33,3,3,2,2,2,2,2,1,4,2,2,2,1,2,4
Q9R0Q7,3,2,1,1,1,3,3,1,2,2,1,1,2,3,3
Q9JI46,3,3,2,2,1,4,1,3,3,3,2,4,2,2,2
Q9JJV2,3,3,1,3,5,4,4,3,4,4,3,2,3,4,3
Q9Z0P5,3,2,1,1,4,4,3,2,3,3,5,4,2,1,2
Q9CZ42,1,3,2,3,3,3,3,2,1,3,2,4,3,1,4
Q9DAR7,4,1,1,2,3,2,2,3,3,3,2,2,2,3,3
P31650,2,1,1,1,2,1,1,2,2,1,1,1,1,1,2
P70297,2,2,1,3,2,4,3,2,4,3,1,3,3,2,4
Q148V7,3,3,0,4,3,4,4,1,4,5,3,5,2,3,5
Q80TE7,0,3,1,3,3,2,3,0,5,3,3,1,1,3,3
Q91ZR1,3,3,4,3,4,3,4,2,3,0,4,3,3,3,2
P62334,3,3,2,2,3,2,3,2,3,3,2,3,2,2,3
Q9WV80,3,2,3,1,3,2,3,4,3,3,1,3,3,2,2
Q9WUL7,4,4,1,2,3,2,1,1,3,3,2,5,3,2,2
Q78PY7,2,4,1,3,4,3,3,2,3,2,4,1,3,2,3
P49722,4,3,2,1,5,4,3,2,3,3,3,1,2,1,4
Q8VEH5,4,2,4,2,5,3,3,4,2,1,2,3,3,2,4
Q8CHU3,2,2,1,4,4,4,2,1,4,4,4,1,3,4,5
Q80VD1,3,2,1,2,4,2,1,1,3,5,3,3,1,4,1
Q99PL6,0,0,0,3,1,1,1,1,2,2,3,1,0,1,1
Q62393,4,4,4,3,4,4,3,3,4,3,4,3,3,3,3
P62484,4,3,2,4,4,3,3,2,3,3,3,3,4,4,4
Q3TEA8,4,2,3,3,1,3,3,1,3,3,2,2,2,3,2
Q62442,2,2,2,2,3,3,2,2,2,4,3,3,3,4,2
Q8C0E2,2,3,1,4,4,3,1,2,2,2,1,2,3,2,4
Q9CPQ1,0,0,1,0,0,1,1,1,1,1,1,1,1,0,1
P10605,5,2,3,3,5,4,2,4,3,0,3,2,2,3,4
Q61735,3,2,2,4,2,4,3,3,3,3,3,3,3,2,5
Q9CZX8,4,4,4,4,4,3,2,3,3,4,3,2,4,3,4
Q9CQI3,2,3,2,3,4,5,3,3,4,4,3,3,2,3,3
P15209,3,2,2,3,4,4,3,2,2,4,4,3,1,3,2
Q9D8W7,3,4,2,3,3,1,2,2,2,3,3,3,3,5,4
Q9QZ06,3,3,2,2,2,3,2,4,3,1,4,3,1,2,4
Q99LY9,2,1,2,2,2,1,1,2,2,1,2,1,1,2,2
Q9WTT4,4,3,1,3,4,2,3,4,2,2,3,1,2,4,4
O08914,2,5,1,2,5,3,1,2,3,2,5,2,3,3,2
Q8K354,2,3,4,5,2,5,2,2,1,3,3,1,2,1,1
Q9CQX2,4,2,1,3,3,3,2,0,3,4,3,2,3,3,4
Q8CHG7,2,2,0,3,3,1,2,2,3,1,4,3,2,2,2
Q8QZS1,3,2,1,2,5,3,1,1,1,2,4,2,1,3,5
Q8R164,3,2,1,3,3,3,3,3,4,3,4,1,3,4,2
Q91ZJ5,4,2,0,2,3,4,3,3,3,1,2,1,1,1,3
P43277,3,3,3,3,4,3,2,4,2,4,4,4,3,4,4
Q9R1V4,3,3,2,4,2,1,1,1,2,2,4,2,3,3,3
Q63912,2,2,1,2,1,3,2,1,1,3,1,1,3,2,1
P99026,4,2,2,2,2,3,3,2,3,1,3,2,3,1,4
P62812,2,2,2,2,3,2,4,3,4,1,3,3,3,3,4
P48771,2,3,1,3,3,3,4,3,4,3,3,3,3,3,4
Q9DBE8,2,1,1,2,2,1,3,2,3,3,3,2,1,2,2
Q80YA9,3,2,2,3,2,1,2,2,5,3,3,4,3,2,2
P28656,3,2,2,2,3,3,1,2,1,2,3,1,2,2,4
P43274,3,3,3,2,4,3,2,3,3,4,4,4,3,3,4
Q63932,2,1,0,1,0,3,1,0,2,1,2,0,0,1,2
E9Q401,2,2,2,2,4,3,1,3,3,2,5,2,3,3,1
Q61831,3,4,3,2,1,1,1,3,2,3,2,3,4,4,3
Q9D3A9,3,3,2,4,3,2,4,2,5,3,3,2,1,3,4
Q9CQC7,3,3,3,1,2,2,2,2,2,1,2,2,3,4,2
Q921H8,3,1,1,2,3,2,2,2,1,3,3,1,2,2,2
Q9QYF9,3,2,1,2,2,2,3,2,2,3,2,3,2,1,3
P22892,2,0,2,3,3,4,3,2,3,3,3,1,4,3,1
P30416,2,2,1,1,0,2,1,1,2,2,1,2,3,2,0
B1AWN6,2,1,1,3,1,3,1,1,3,1,3,1,0,3,3
Q9QYB1,2,2,1,1,3,4,1,1,1,1,2,2,1,1,4
Q3TDK6,3,1,2,1,3,2,0,0,2,1,2,1,2,3,1
Q6NXK7,3,0,2,4,1,4,2,0,3,2,3,3,1,1,4
Q69ZK9,3,2,2,2,0,3,2,4,2,4,3,3,3,3,2
P37040,3,4,0,5,3,5,3,1,5,1,3,0,2,4,3
Q9CZM2,2,2,2,2,2,2,2,2,2,2,2,2,2,2,2
P47791,3,1,2,2,3,4,2,2,2,3,3,2,2,2,2
O09061,2,3,1,2,3,2,2,3,3,3,1,3,2,3,2
Q8CBW3,3,3,2,3,3,1,3,2,2,2,4,2,3,3,3
Q9DCS9,4,2,2,1,3,5,2,1,3,2,2,2,2,1,3
Q9CZS1,2,2,2,2,3,3,3,3,3,4,3,4,2,4,4
Q62433,3,3,3,1,6,3,4,3,4,4,6,2,2,2,1
P02301 (+3),0,0,0,0,0,0,0,0,1,0,0,0,0,0,0
O08756,1,1,2,3,0,3,3,0,1,4,1,2,1,2,1
Q99LR1,3,2,1,2,2,4,5,1,1,2,3,2,3,0,3
P02468,3,1,0,2,2,5,3,0,0,4,2,0,1,8,3
Q9WUK2,2,2,2,3,4,5,0,2,3,2,3,2,2,2,2
P58389,5,2,2,2,4,3,2,3,2,1,5,3,3,2,4
Q8BW75,2,4,3,2,3,1,2,2,2,2,3,3,1,0,2
Q9CXZ1,4,3,3,3,2,3,3,3,2,3,3,3,3,3,3
Q9WUM3,0,0,2,2,2,3,3,0,3,1,3,0,1,1,2
Q9CXS4,2,3,3,0,3,2,2,3,2,2,2,3,3,2,2
P05132,3,3,2,3,1,2,2,0,2,2,3,2,2,2,3
Q9CRD0,3,3,0,1,3,0,1,3,4,3,5,2,3,3,4
Q8BP67,2,3,3,3,3,3,2,2,3,3,2,2,3,3,3
Q62417,3,3,3,3,3,4,5,3,2,2,5,2,2,2,2
P62743,3,2,1,2,1,1,2,1,2,2,1,2,1,1,1
Q60854,3,3,2,4,3,4,3,2,3,3,1,3,1,2,2
Q9JIF0,3,2,2,3,1,4,3,2,3,3,2,1,3,2,3
Q9CR21,2,1,1,2,3,1,1,2,2,2,4,1,2,1,4
Q9WV69,2,2,0,1,3,1,1,2,2,2,2,2,1,2,3
Q9R1V7,3,3,2,2,3,2,2,3,3,3,3,2,2,2,1
Q9D0I9,1,2,2,3,1,0,1,1,0,2,3,2,2,3,2
Q9DCL9,2,3,0,3,3,4,2,1,3,1,2,2,1,4,2
P33173,3,2,2,4,2,1,1,1,2,2,4,1,2,2,2
Q91ZA3,3,2,1,4,3,1,1,1,4,1,3,1,1,3,1
P50571,3,2,2,2,3,3,0,1,4,1,4,1,2,2,3
Q6P9K9,2,2,0,2,3,4,1,1,1,2,3,0,1,4,4
P63137,3,3,2,2,3,4,1,1,4,1,0,1,3,2,4
P42125,3,4,3,3,4,3,3,3,2,2,3,3,3,3,3
O35381,2,2,2,2,3,3,2,2,3,2,3,3,3,2,4
Q6ZWV3,2,2,2,3,3,3,3,2,3,3,3,1,2,2,3
P85094,4,2,2,5,2,4,3,2,2,4,4,2,3,3,3
Q9D1K2,2,4,3,2,2,3,3,2,3,4,1,3,2,4,2
P32921,3,4,2,3,2,3,3,3,2,1,2,4,3,3,2
Q64010,2,3,1,3,3,2,4,2,2,3,3,2,4,2,3
P27612,4,2,2,3,2,4,4,3,3,3,4,1,2,2,4
P62301,2,1,1,1,2,1,1,1,1,1,1,1,0,1,1
P60122,1,2,1,2,3,3,1,2,3,3,3,2,3,4,2
Q99K48,2,2,2,3,2,1,1,1,1,1,3,2,1,3,4
P24369,3,2,2,2,3,3,3,2,1,3,2,2,2,2,2
Q8VE47,1,3,3,2,3,2,0,2,3,2,2,2,3,2,3
Q80UU9,4,4,2,3,4,4,3,2,4,4,2,2,3,4,3
Q3THK7,2,0,3,1,3,2,1,0,2,2,4,3,0,1,2
P16388,0,3,2,4,4,2,3,3,3,3,3,2,3,3,2
Q9CYH2,3,2,3,3,3,3,3,3,3,3,3,3,2,3,3
P56959,3,3,2,3,4,2,3,2,2,3,3,4,3,3,4
Q9CR95,3,3,2,2,3,2,2,3,3,3,3,3,3,2,4
Q00493,1,2,2,2,3,3,3,2,3,2,1,2,2,2,1
Q9D892,3,2,1,2,3,4,2,2,3,2,2,2,1,3,3
Q80Z38,3,1,2,5,2,3,2,2,2,2,2,3,2,3,2
O88952,1,2,2,2,2,3,2,2,2,0,2,2,2,2,1
P97370,3,1,0,2,1,2,2,3,1,4,5,2,1,2,2
P35585,1,1,1,3,1,2,1,1,1,3,1,2,1,3,1
Q99PU5,2,2,2,1,3,5,2,2,1,3,1,1,1,1,2
Q6PDM2,1,1,0,2,2,3,1,2,1,2,2,1,1,3,3
Q922Q8,2,1,3,2,1,2,2,1,2,1,0,2,0,1,1
O35685,2,2,4,3,4,2,1,3,4,4,3,1,4,1,4
O88441,4,2,3,3,4,3,0,1,3,3,3,0,2,3,3
P26231,2,5,0,6,4,4,4,0,0,2,2,3,2,2,1
P70670,3,2,2,4,2,2,2,2,3,3,4,2,2,3,3
P55264,3,3,2,2,3,4,4,4,3,2,3,3,4,3,3
O88545,2,1,2,2,1,2,2,3,3,3,1,1,3,2,3
Q9CPW4,2,2,2,3,3,2,2,1,3,2,4,3,2,2,3
Q9R0X4,3,1,1,2,2,2,2,1,1,2,1,1,2,2,3
Q3UGR5,3,2,1,2,3,3,1,2,3,2,4,3,2,3,2
Q9D1T0,3,1,1,2,3,2,1,1,1,2,2,1,3,3,4
P68037,2,1,1,2,3,2,1,2,3,2,3,2,1,3,3
P62281,2,0,1,4,1,2,3,2,4,1,2,1,1,0,3
Q9R1R2,3,3,3,2,2,1,2,3,1,1,2,3,2,1,2
P04925,3,3,2,1,3,2,1,2,2,4,2,3,3,2,3
Q8BFZ9,4,3,3,4,2,4,3,2,2,0,1,1,2,3,4
Q8BHN3,2,1,1,2,2,2,2,0,3,1,1,1,2,2,2
Q62318,5,2,0,1,3,6,1,1,3,4,3,2,1,3,2
Q56A07,3,3,3,2,0,3,2,0,3,4,2,2,2,1,3
P35235,2,0,1,3,2,4,2,0,2,4,3,2,2,2,2
P63276,1,1,2,4,3,3,1,1,0,3,3,0,1,3,5
Q8R464,2,3,3,4,2,4,3,2,4,2,2,1,3,2,2
Q9ERS2,3,3,2,3,2,3,1,3,3,3,3,2,2,3,3
O88531,1,2,2,3,3,3,2,2,2,2,2,2,1,3,1
Q64331,2,2,4,3,2,2,2,4,2,2,2,2,1,2,2
Q9WTL7,2,2,1,2,2,2,2,2,2,2,2,2,2,2,2
Q9CQ69,2,2,2,3,1,3,3,1,3,3,2,1,3,1,2
Q9CQJ8,1,1,2,1,1,2,1,1,3,0,1,2,1,1,1
Q8CBE3,4,2,1,3,4,2,3,2,1,3,3,1,1,2,3
Q924M7,3,1,1,4,3,1,3,0,2,1,2,1,3,4,2
Q99J85,1,2,1,1,0,1,4,1,2,0,2,1,1,0,2
P48428,3,1,1,1,1,1,2,0,2,3,2,1,1,2,2
Q9CQF9,3,1,0,2,3,3,2,0,2,2,3,0,2,1,3
Q9Z0H8,3,2,3,3,2,3,1,1,3,2,5,0,1,0,4
O70310,3,1,1,4,3,5,1,0,3,3,3,0,0,4,1
Q61233,3,0,0,0,3,3,3,4,1,0,0,0,0,0,0
Q8R191,3,3,3,3,3,3,3,3,3,3,3,3,3,3,3
P32020,3,3,3,2,4,2,3,2,3,3,4,3,3,3,3
Q9JKD3,1,1,1,1,1,1,1,1,1,1,3,1,2,1,1
Q9DBS2,2,0,3,2,2,2,0,0,3,1,3,0,2,2,3
Q922U2,1,1,1,1,1,1,1,1,1,1,2,1,1,3,1
Q5EBJ4,2,3,2,2,4,2,3,2,3,3,3,2,2,1,1
Q8C522,2,3,1,3,2,3,1,2,3,1,3,1,3,1,2
P14685,3,3,1,1,4,3,1,2,2,1,2,0,0,2,2
Q9WV55,1,2,2,3,2,2,1,2,2,2,3,1,3,2,3
Q99L13,3,3,2,3,2,4,3,3,3,3,3,3,3,3,3
Q9D1G5,1,2,1,2,0,1,2,2,2,0,2,2,0,1,2
P05480,1,2,2,4,1,4,1,1,4,2,4,1,2,4,3
Q5DTL9,3,1,1,2,3,4,3,1,2,2,4,1,1,1,1
Q8BLF1,3,3,1,3,4,4,3,1,4,3,3,2,2,2,4
P08003,1,2,1,1,2,4,3,4,0,2,1,0,1,2,0
Q9WUA2,1,2,1,3,1,2,0,3,2,0,2,1,1,1,1
Q5SSM3,2,2,2,2,2,1,1,4,1,0,3,2,3,2,2
Q9QZ88,1,1,1,4,3,2,1,1,2,1,2,0,1,2,1
Q9WV98,2,2,1,2,3,3,0,2,3,3,3,2,4,3,4
P18052,4,2,3,2,2,2,2,1,0,2,2,1,3,2,0
Q60771,2,2,2,1,3,2,2,1,4,3,3,2,2,1,1
O35864,2,1,2,2,2,2,0,0,0,0,2,2,0,2,2
P62264,2,2,2,1,4,3,2,2,2,2,2,2,2,2,2
O70435,2,3,3,2,3,2,2,1,2,2,2,2,3,2,1
P35293,3,4,2,3,3,2,1,2,2,3,3,2,3,3,3
Q9Z2Y8,2,3,1,3,3,4,3,2,3,2,4,2,3,3,3
Q9CPQ8,1,1,1,2,1,2,2,1,1,1,1,0,1,2,1
Q7TMF3,2,1,1,1,2,2,1,2,1,4,3,1,1,3,3
Q9EQU5,2,2,2,2,2,3,2,1,3,2,2,2,2,2,3
Q9Z0N1,4,2,2,1,2,3,2,1,1,1,2,0,2,1,0
P63028,2,2,1,2,4,2,1,1,2,3,4,3,3,3,3
Q9JHK4,3,2,0,3,3,3,2,2,3,2,4,2,2,2,2
Q80VP0,1,2,0,3,3,2,1,0,3,2,2,1,2,1,4
Q9DCZ1,1,1,1,1,2,0,1,2,1,2,1,0,4,0,2
O35609,3,3,3,3,3,3,2,2,3,2,2,2,3,3,3
Q9CQ92,3,3,2,3,3,2,3,2,3,3,2,3,3,3,3
Q9JJU8,2,3,3,2,2,3,2,2,3,2,2,3,2,2,2
O89112,3,3,2,3,3,3,2,2,4,2,3,2,2,3,3
Q60865,2,2,2,3,3,2,3,3,2,2,2,2,1,1,2
Q9DC70,3,2,1,2,2,2,1,2,2,2,2,2,2,2,1
Q9Z0H4,2,2,3,2,2,4,2,1,2,1,3,3,3,2,3
Q9WUC3,3,2,2,2,1,1,2,2,2,3,3,3,2,2,3
Q9CQX8,3,3,1,2,2,2,2,2,1,2,3,2,3,1,2
P50580,3,2,2,3,2,0,3,2,3,1,2,2,1,1,2
P04104,2,2,2,2,2,3,2,1,2,3,2,2,3,4,2
Q920E5,2,2,3,1,4,3,3,1,1,1,0,1,1,1,1
Q8R1I1,2,2,1,2,2,2,2,1,2,2,2,2,1,1,1
Q9WV02,2,1,3,3,3,0,1,3,1,2,3,3,2,2,4
Q9CQM9,2,2,2,1,3,2,1,4,2,3,1,3,3,2,3
Q9D0M1,1,2,1,2,2,1,0,2,2,3,2,1,2,2,2
Q8VBW6,1,2,0,2,2,2,2,2,3,2,2,2,1,3,2
Q62048,3,3,0,3,4,4,3,0,3,3,3,2,1,4,3
P63080,2,0,1,2,3,3,0,0,3,2,3,1,1,1,3
P97861 (+1),0,7,0,0,0,4,12,0,4,0,0,0,0,0,0
Q91YR1,2,2,2,2,2,2,2,2,2,2,2,2,2,2,2
Q9JM14,2,3,2,2,3,3,2,2,4,3,2,2,2,2,2
P26350,2,4,2,2,2,4,4,2,4,3,2,2,2,2,2
Q9JLJ2,0,1,0,2,2,4,1,1,2,3,2,2,1,1,2
Q8CAY6,2,2,1,3,4,3,1,3,2,2,3,2,2,1,3
P02535,1,2,1,2,4,3,5,1,2,1,2,2,3,6,1
Q80UG2,1,2,1,1,1,1,0,1,2,3,1,1,1,3,1
Q9DB15,3,3,3,2,2,3,3,2,1,2,3,3,2,2,3
P12815,0,1,1,2,3,1,2,1,2,1,2,1,1,2,1
Q3UUI3,2,3,3,3,3,2,1,2,1,3,2,2,3,2,1
P99028,1,1,0,2,1,2,1,0,1,1,1,1,1,0,2
Q99LI8,1,1,1,2,2,2,1,2,0,2,2,2,1,2,1
P62869,2,2,2,3,2,2,0,2,3,1,1,1,1,1,2
Q8C5H8,3,0,0,2,1,1,2,1,0,2,3,1,1,1,2
O70493,0,0,0,1,0,0,0,0,0,0,1,0,0,0,2
P40237,2,2,1,1,3,1,2,3,1,4,3,1,2,0,2
P63040,0,0,0,1,3,1,1,1,1,0,2,1,1,0,2
P97371,1,4,0,1,1,3,3,2,1,0,1,1,0,2,0
P17809,2,2,2,2,2,2,4,3,2,3,2,2,2,2,3
P62075,1,1,1,2,4,2,2,2,2,2,2,2,2,1,2
P62830,3,2,2,3,2,3,2,3,3,2,3,2,3,3,3
P19536,1,1,0,0,0,0,0,0,1,0,1,1,0,0,1
O55091,2,2,2,1,2,1,2,1,3,3,2,1,2,1,4
P68181,2,2,1,1,1,1,1,1,2,1,2,1,1,1,1
P55012,2,2,2,0,2,2,1,4,0,3,1,1,1,2,2
Q60875,3,1,1,3,4,5,3,0,4,2,1,1,1,2,2
P03888,1,1,2,0,1,2,2,3,3,1,3,1,3,3,2
Q8BK64,1,1,0,1,1,2,1,2,2,2,2,1,2,1,2
P62627,2,2,2,2,2,2,2,2,2,3,2,2,2,2,2
Q8BH04,2,1,2,2,4,2,2,2,2,2,3,2,2,3,2
Q9R1P3,3,3,2,4,3,2,2,2,1,2,3,2,2,3,1
Q6ZWU9,2,2,2,1,2,2,2,1,2,2,1,3,2,3,1
Q9WV60,4,1,1,1,2,1,1,1,2,1,1,1,2,1,3
Q9QYR9,3,3,2,1,2,2,1,1,1,2,3,1,3,3,2
P0C7L0,1,1,1,1,2,1,1,1,1,3,2,1,2,2,1
Q8R016,2,1,1,2,3,2,2,2,3,1,2,2,1,2,3
Q99LD4,2,1,1,0,2,2,2,1,2,1,1,0,1,2,0
P49443,2,1,1,2,2,1,2,0,2,2,2,1,1,2,2
Q8K2C9,1,0,1,1,0,1,2,1,2,1,1,1,1,1,1
Q8BWG8,1,2,1,2,1,0,1,2,1,1,1,1,3,2,1
Q80U23,1,2,0,1,2,2,2,2,2,3,3,3,2,2,3
Q921J2,2,1,1,2,2,1,1,0,1,1,1,0,1,1,0
Q3UHX2,4,4,0,1,3,2,2,4,1,3,3,1,4,4,3
Q8QZY1,4,3,0,2,3,3,1,1,1,4,3,1,0,3,2
Q78IK2,2,3,2,2,3,2,2,4,2,3,2,2,2,2,2
Q5DQR4,1,3,1,4,3,2,2,2,1,1,2,2,2,3,3
Q9Z1P6,1,2,1,2,1,2,2,3,1,2,1,2,1,1,2
O88741,1,2,1,0,1,1,1,2,1,2,0,1,0,0,1
P97461,2,2,1,1,2,2,2,2,2,2,1,2,2,2,1
Q9CQ62,4,2,2,3,2,3,3,3,2,2,1,3,2,2,2
Q91VR7,1,2,0,2,0,1,0,0,1,1,2,0,0,1,1
Q9CYG7,1,2,2,3,2,3,2,1,2,3,4,1,2,2,2
P97384,3,2,1,4,3,4,2,2,2,4,2,2,2,2,0
O88485,1,1,3,3,2,1,1,2,0,2,2,2,1,1,0
O35658,1,4,1,1,3,1,1,2,0,3,3,2,2,3,3
P57759,4,1,1,5,1,2,4,2,3,1,2,0,1,0,1
Q9ESJ4,1,1,1,3,2,0,1,2,2,3,3,2,3,2,1
Q8BLE7,2,2,0,2,0,3,2,2,2,2,1,2,2,1,3
Q9WVA2,1,2,2,2,3,1,1,2,2,2,2,3,2,2,2
P56812,2,2,2,2,2,2,2,2,1,2,2,2,2,2,2
Q921F4,2,2,2,2,3,2,1,1,3,1,2,2,1,1,4
P32067,3,1,1,1,2,3,2,1,3,2,2,1,2,3,4
Q8BP92,3,2,2,2,2,3,2,3,2,3,3,2,1,2,3
Q8R326,3,2,3,1,2,1,1,2,1,2,1,3,2,2,1
Q91Z31,2,2,2,3,0,1,3,1,2,1,1,2,2,2,3
Q8C854,3,1,1,2,2,3,3,2,2,1,2,3,1,2,2
P26369,2,0,2,2,2,1,1,1,1,2,2,3,0,1,2
O09111,1,1,1,1,1,2,0,0,0,2,2,0,1,2,0
P50171,1,3,0,2,1,2,1,1,2,2,3,1,1,2,3
Q9EPW0,2,1,1,1,3,2,0,1,2,2,2,2,1,2,3
Q8BJY1,1,2,1,2,3,2,1,2,1,1,1,2,0,0,0
Q8K0G5,1,1,1,0,2,2,3,1,2,1,4,0,1,1,2
Q0VE82,2,2,2,3,2,0,2,2,0,2,3,2,3,4,2
Q8CIB5,1,1,0,1,2,2,0,0,2,4,0,0,1,2,1
Q8BMF3,1,2,0,0,1,7,2,0,2,2,1,0,1,0,1
P70202,2,2,2,3,4,2,2,2,2,2,2,2,2,3,3
Q9D8B3,1,2,1,2,3,2,2,2,1,3,2,2,2,1,2
Q9D0E1,2,2,1,1,2,2,3,2,3,4,2,3,2,3,1
Q9DCT8,2,2,1,1,2,2,1,3,2,2,2,3,3,3,3
Q9QZE5,3,2,1,4,2,2,2,2,2,3,2,2,2,2,2
Q7TME0,1,1,1,2,1,1,1,1,2,2,1,2,1,2,1
Q8BHE3,3,2,1,2,2,0,2,1,1,3,2,2,1,1,3
Q9EP69,2,2,2,1,2,2,3,3,2,1,2,3,3,3,2
Q8JZQ9,1,2,1,1,2,2,1,0,3,0,1,1,1,2,1
P28667,2,1,1,1,1,1,2,1,3,1,0,1,1,3,0
Q9QZF2,0,2,1,0,2,0,0,1,1,1,2,0,1,0,0
Q8BHL5,1,1,1,2,1,1,1,1,2,1,1,1,1,1,1
P22315,1,3,1,2,1,1,1,2,1,3,2,2,2,1,1
P47199,2,2,1,2,2,1,3,2,1,2,4,1,2,2,5
Q9CY27,2,3,1,1,2,1,2,1,2,2,1,1,2,2,1
Q62446,2,1,2,3,2,2,3,1,3,0,2,1,1,2,1
P31786,1,2,2,3,3,2,2,2,2,2,2,2,2,3,2
Q8K2K6,3,3,2,3,1,0,1,2,2,1,1,2,2,2,0
Q9ESW4,2,2,0,2,0,1,0,0,2,2,3,1,2,2,2
Q9Z1Q9,2,2,1,3,1,1,1,0,1,0,2,1,0,0,4
Q6P5F9,3,2,1,3,4,3,1,0,2,3,2,1,1,1,3
Q61137,0,2,0,0,4,1,1,0,1,2,2,0,0,0,1
Q9CWK8,2,0,2,1,2,3,2,0,3,0,1,0,0,0,1
Q8BTM8,4,0,0,1,0,3,1,1,0,0,1,0,0,5,0
Q9WVA4,3,2,0,2,3,4,0,1,0,0,2,0,0,3,1
Q6ZWX6,2,2,2,2,2,4,2,3,2,2,2,2,2,2,2
Q9DCZ4,2,2,2,2,2,3,2,2,3,2,2,2,2,2,2
Q9QUR7,2,1,2,2,3,1,3,2,2,2,2,3,2,3,3
Q9JKC6,2,2,2,2,3,2,1,2,2,2,2,2,2,2,3
Q91VR8,2,2,2,2,2,2,2,2,1,1,2,2,2,2,2
O88487,2,1,2,2,2,2,2,2,3,2,2,2,2,1,2
Q9WTR5,2,1,2,2,2,1,1,1,2,2,2,2,2,1,2
P21460,2,2,2,2,4,2,3,2,2,1,1,2,1,0,1
O08547,3,1,1,3,3,1,2,2,1,2,1,2,2,1,2
P63323,1,1,2,1,2,3,1,1,3,3,1,1,1,2,1
P63054,3,1,2,3,2,3,3,1,3,2,3,1,1,1,5
P62245,2,2,1,2,2,2,1,2,2,2,2,2,2,4,2
Q5XJY5,2,2,1,2,3,3,3,2,2,2,3,1,2,3,1
Q9CZY3,3,1,1,1,1,2,2,1,2,2,3,1,2,1,2
Q91ZP9,2,1,1,2,1,0,1,1,2,2,1,1,2,3,0
Q9R257,1,2,0,1,3,2,2,3,3,0,3,0,1,1,3
Q99KP6,1,1,0,3,3,2,1,1,3,1,3,0,0,3,1
Q9CPW0,3,3,1,1,2,1,0,0,1,2,2,0,1,1,3
P97352,2,1,2,3,2,3,2,2,1,0,1,1,0,1,1
P16045,2,3,1,1,3,2,3,0,0,1,1,0,1,0,0
P36916,2,0,0,1,2,1,0,1,1,1,1,2,1,3,1
Q3UV17,1,1,1,0,1,1,1,1,1,1,2,0,1,1,2
Q9Z2W8,2,4,0,3,2,3,1,0,3,3,3,1,0,0,1
P24549,0,0,0,0,3,0,0,0,0,3,0,3,0,2,5
Q9CXW4,2,1,2,2,1,2,2,1,1,2,2,1,1,1,2
Q9DAK9,2,2,1,1,1,1,2,1,2,2,2,2,1,2,0
Q60899,1,1,2,2,1,1,2,1,1,1,1,1,1,1,2
P28352,2,2,1,2,0,3,1,1,3,2,1,0,2,3,2
Q9JMG7,3,2,3,3,2,2,1,2,1,1,1,2,3,2,2
Q9Z1R2,2,2,1,2,2,2,1,1,2,2,2,1,2,1,3
Q8K3J1,1,1,1,1,2,3,1,1,2,0,1,1,1,4,2
Q9WVJ2,1,0,1,1,1,1,1,2,1,1,1,1,1,1,2
Q9D023,0,0,0,1,1,1,0,0,1,0,0,0,1,1,1
O54984,1,3,0,1,0,0,0,1,0,2,0,2,2,2,1
Q8VCT3,1,1,0,3,1,2,3,0,1,2,1,0,1,1,1
Q9WV54,2,1,0,2,2,4,2,0,3,1,1,0,1,1,1
P53811,1,1,0,2,1,1,0,0,2,1,1,1,0,1,1
Q9CYZ2,2,1,2,2,2,2,3,1,2,1,2,3,1,2,2
Q9CQ75,3,1,1,2,1,2,1,1,3,2,1,1,2,1,1
Q6X893,2,2,2,1,2,2,2,2,2,2,2,2,2,2,2
Q9JJY3,2,3,2,2,1,1,2,1,2,2,1,1,1,2,1
Q9WVE8,2,1,1,1,3,0,1,1,1,1,2,1,1,3,2
Q9DB27,1,1,1,1,2,2,1,1,1,2,2,1,1,1,2
Q8VEK0,3,2,2,1,2,2,2,2,1,2,1,1,2,1,1
Q61206,2,2,2,3,2,1,2,1,3,2,2,2,2,1,2
Q9WU28,1,2,1,1,2,1,2,2,1,2,2,2,2,1,2
P11881,2,0,1,2,1,3,1,2,2,1,1,3,2,1,2
Q8JZQ2,1,0,2,1,1,0,2,1,2,2,0,0,1,2,0
Q91XU3,1,1,0,1,1,2,1,1,1,1,1,1,1,2,1
Q9CRB6,2,2,1,0,3,1,2,2,2,2,2,3,3,0,3
Q61282,0,1,1,3,2,1,1,0,1,1,3,1,1,2,1
Q2NL51,1,2,1,2,0,0,1,3,1,3,3,3,2,3,2
P46935,3,0,0,2,2,2,2,0,1,1,1,0,0,2,2
Q5M8N0,1,2,2,2,2,1,2,2,1,2,2,1,2,2,2
Q99MR8,3,2,1,3,1,1,1,2,2,2,2,2,2,3,2
Q8CHP8,1,2,1,1,2,1,1,1,1,1,2,1,1,1,2
Q9CY64,2,2,2,1,1,3,2,2,1,1,1,1,1,1,1
Q9CZB0,1,1,1,1,1,2,1,1,2,1,2,1,1,2,1
P54823,2,1,0,1,1,2,1,2,1,1,1,1,2,1,1
O35143,0,1,0,0,0,0,1,0,1,1,1,0,0,1,1
Q61016,1,1,0,1,2,0,1,1,2,1,2,0,1,2,2
Q80Y14,2,2,1,2,2,0,1,2,2,2,2,1,2,1,3
Q62421,1,1,2,1,1,1,2,1,0,1,2,1,1,3,4
Q6PEB6,0,1,0,1,1,0,2,0,1,1,2,2,1,1,1
Q9QUR6,1,2,0,3,2,1,1,1,0,1,1,2,2,2,1
Q9D1Q6,2,1,1,1,1,1,1,1,1,1,1,1,1,1,1
Q80U63,1,0,2,2,0,1,2,0,3,2,3,3,0,2,1
Q6PGN3,3,2,0,1,4,1,1,1,2,1,2,0,1,2,3
Q91WG7,0,2,0,2,2,0,0,2,3,1,1,1,2,3,1
P41216,1,0,0,2,1,1,0,0,1,1,2,0,0,3,0
Q80TB8,3,0,0,0,3,1,3,1,1,2,2,0,0,0,4
Q14BI2,0,0,0,1,2,1,0,1,1,1,1,0,2,1,1
Q61036,0,0,0,2,1,4,1,0,2,0,0,2,2,0,4
Q6NXH9,0,0,0,0,0,0,0,0,0,0,0,0,0,0,2
Q9CQJ6,1,1,1,2,1,2,2,1,2,2,1,1,2,1,1
P16014,2,2,1,1,1,2,1,2,1,1,1,1,1,1,2
P11404,2,0,2,2,1,2,2,1,2,1,2,1,1,1,1
Q922J6,2,1,1,3,3,2,1,2,2,3,3,1,2,1,2
P34022,1,1,1,2,1,0,0,1,0,1,2,2,0,2,1
Q63836,2,2,0,0,1,2,2,2,1,2,3,2,1,1,1
Q9CQH7,2,0,1,3,1,1,0,0,1,1,2,1,0,0,2
B1AXV0,2,0,0,2,2,1,0,1,1,1,0,1,2,2,1
Q8C8N2,3,1,1,2,2,1,1,0,0,2,2,0,1,2,2
Q5SYD0,3,3,0,1,3,2,0,0,1,3,4,2,0,0,2
Q8BL66,1,0,0,1,2,1,1,0,1,1,2,0,0,2,1
Q9D154,1,2,0,1,3,3,0,0,2,4,0,0,1,0,3
Q9D3D9,2,2,2,2,2,2,2,2,2,2,2,2,2,2,2
Q8CCT4,1,2,2,1,2,2,2,2,1,1,2,2,2,1,2
Q3THS6,2,2,1,1,1,1,1,1,2,2,1,1,1,1,2
Q9D0S9,0,1,1,1,1,0,2,2,1,1,1,2,1,1,2
Q9D710,2,1,2,0,2,1,1,1,2,0,2,1,0,1,2
Q9Z1X4,1,1,1,1,1,0,1,1,0,1,1,1,1,0,2
Q91V76,1,2,0,1,0,0,2,2,1,1,2,1,1,2,2
Q61035,3,2,1,2,1,1,1,3,2,2,5,1,2,1,1
Q8C437,1,1,1,1,0,0,1,1,1,1,0,1,2,0,2
Q9Z2W0,2,2,1,2,1,3,2,2,1,1,1,2,0,1,2
Q3UHD6,2,2,2,2,1,1,1,0,1,1,2,0,1,2,2
O09167,1,2,2,2,1,2,0,1,1,0,2,0,2,0,0
Q8C163,1,1,0,0,1,1,1,0,0,0,1,1,0,1,1
Q02105,3,0,2,2,1,1,1,2,0,0,0,3,1,0,0
P11679,2,1,0,0,1,0,1,3,0,2,0,0,0,6,0
Q3TTY5,0,1,0,0,2,2,1,0,2,1,1,0,1,2,0
Q6IMF0,0,6,0,0,0,2,8,0,0,0,0,0,0,0,0
P10639,2,2,2,2,2,2,2,2,2,2,2,2,2,2,2
Q60692,1,1,2,2,2,2,2,2,2,2,1,1,2,2,2
P62855,2,1,2,2,2,2,2,1,2,2,2,2,2,2,2
Q3V3R1,3,2,2,2,1,2,2,1,2,2,2,1,2,2,2
P19253,2,2,2,2,1,2,2,1,1,2,2,2,2,2,1
O70503,2,2,1,2,2,1,1,2,2,1,2,2,2,2,2
Q9JL62,1,2,2,2,2,3,1,2,2,2,2,2,2,2,2
O70325,1,1,2,1,2,1,1,1,1,1,2,1,1,1,1
Q8BXV2,2,2,2,2,2,1,1,1,2,2,2,1,2,2,2
P10518,1,1,1,1,1,3,1,1,2,3,1,1,1,1,1
Q91VZ6,2,1,1,2,2,2,1,1,2,2,2,2,2,2,3
P56376,1,1,1,2,1,2,2,2,2,1,2,1,2,1,3
O35405,2,1,1,2,2,3,2,2,2,2,2,2,1,2,0
P62717,1,2,2,1,2,2,1,2,2,1,1,1,2,1,2
Q9Z1L5,1,2,1,1,1,1,0,1,1,1,2,1,0,1,1
Q99JB2,1,1,2,3,2,0,0,2,1,1,3,0,1,3,2
Q8CIE6,2,0,0,1,1,1,1,0,1,2,0,0,0,0,0
Q9JK48,1,0,0,2,1,3,1,0,0,1,3,1,0,0,2
P59108,1,1,0,1,2,1,2,0,2,2,3,0,1,2,2
Q06185,1,2,2,2,2,2,2,1,2,2,2,1,1,1,1
P67984,1,2,2,2,1,2,2,2,2,2,2,2,2,1,2
Q9D8B4,2,1,2,2,1,2,2,2,2,2,2,2,2,2,2
Q60870,2,1,2,1,2,2,2,2,1,2,1,2,2,2,2
P60840,3,1,1,2,1,1,1,2,1,1,2,2,1,2,1
P51660,2,2,1,2,2,3,1,2,2,1,1,1,2,1,1
P14115,1,1,1,2,2,1,1,3,2,2,2,1,2,1,2
Q8K021,1,3,1,1,0,2,1,1,1,2,3,1,2,2,2
Q9CQM5,1,1,0,0,0,2,1,0,1,1,1,1,1,0,1
P41105,1,1,1,2,1,1,0,2,1,1,0,2,0,1,0
Q9D358,1,1,2,1,1,1,2,1,2,0,1,1,1,1,2
Q8K221,2,2,1,1,2,2,0,1,1,2,1,2,1,2,2
Q61425,1,1,1,2,3,1,1,1,0,0,2,1,1,1,1
Q99KV1,2,1,1,2,2,1,1,2,0,1,2,1,1,1,1
P62320,1,1,0,2,2,2,2,0,2,2,2,1,1,3,2
Q9CPR4,1,0,0,1,3,2,1,1,2,0,1,1,1,3,0
Q99LD8,1,1,1,1,1,2,1,1,1,1,0,0,1,0,1
Q8VDP4,2,1,0,2,0,1,0,0,0,2,2,1,2,0,0
Q99KQ4,1,1,0,1,1,1,1,1,3,0,0,0,0,1,2
O70591,2,1,2,2,2,2,2,2,2,1,2,2,2,2,2
P62889,2,1,2,2,2,2,2,1,1,2,1,1,1,1,2
P28658,2,1,1,2,4,2,1,1,1,1,1,1,1,2,2
P11031,2,2,1,2,2,2,2,2,2,2,2,2,2,1,2
Q64674,1,1,2,2,1,1,2,2,1,2,1,0,1,1,2
Q9DBC7,1,1,1,2,1,2,2,0,1,1,1,2,2,1,2
Q99LG2,2,0,1,1,2,0,1,2,2,2,1,1,3,0,0
O54734,1,2,1,2,1,3,3,1,3,2,2,1,2,2,2
Q9WUR2,1,2,2,2,2,1,3,1,1,2,2,0,1,1,1
Q8BGB7,0,0,1,1,1,2,1,1,1,2,1,1,1,1,1
O35465,2,3,1,2,2,0,1,1,2,2,2,1,1,2,2
Q99M71,1,1,1,2,3,2,1,0,0,0,3,0,1,0,1
Q3UVL4,2,2,1,1,1,1,2,1,1,3,2,2,2,1,1
P62331,2,1,1,2,1,1,1,1,2,1,1,0,1,1,2
O54865,4,0,1,3,2,1,1,1,1,2,2,2,2,1,4
Q505F5,1,1,1,1,1,1,1,0,1,2,1,0,0,1,1
Q99JI4,2,0,2,3,4,0,1,0,2,0,1,2,1,0,0
P56380,2,2,0,1,2,0,0,0,0,2,0,0,2,1,1
P97494,4,2,0,2,3,1,1,0,1,2,1,0,0,1,1
Q9ESN9,2,1,1,1,3,0,0,1,0,3,4,0,1,1,3
Q9D2M8,3,1,0,1,0,2,2,0,2,2,0,1,1,0,2
P54726,0,0,0,0,0,1,0,0,1,0,0,0,0,0,0
Q91YS8,0,0,0,0,3,0,0,0,0,0,0,0,0,0,2
O35226,1,2,1,1,1,1,2,2,1,1,1,1,2,2,1
Q4VAA2,1,2,1,1,1,2,1,1,1,1,1,0,1,1,1
Q9QZB7,1,1,0,1,1,1,1,1,1,1,1,0,0,1,2
P45878,1,2,2,0,1,1,1,1,1,1,1,1,1,2,1
P31230,0,2,0,2,1,1,0,2,1,2,1,1,2,0,1
P51830,1,1,0,1,2,1,1,1,1,1,2,2,2,2,1
Q9CQ60,3,0,1,0,0,1,0,0,1,1,1,0,2,1,1
P97441,1,1,0,1,0,0,0,0,1,1,0,0,0,1,1
P53986,1,3,2,0,1,1,1,1,1,3,2,0,1,2,0
Q5SVL6,2,1,1,2,1,1,0,1,2,1,0,1,1,1,1
Q9D7N9,1,0,0,1,2,2,1,2,1,0,1,0,1,1,2
Q9CXW3,0,1,1,1,0,1,0,1,1,0,0,0,1,1,1
Q99KK7,1,1,0,2,2,2,1,1,0,3,4,0,2,1,0
Q9WVL0,1,0,0,1,1,2,0,0,1,0,3,0,0,0,3
Q922J3,3,2,3,0,1,1,0,2,0,2,2,2,0,0,1
Q05512,2,1,1,2,1,1,1,1,1,1,1,1,1,1,1
Q8VDK1,1,1,1,1,1,2,1,1,1,2,1,1,1,1,1
Q9CX86,2,0,1,2,1,1,2,1,1,3,2,2,1,1,1
P61082,1,0,0,1,0,1,1,1,0,1,1,1,0,2,1
Q9D164,2,1,2,2,1,2,2,1,2,2,2,1,2,2,2
Q8JZU2,1,1,1,1,2,0,1,1,1,1,1,1,1,1,1
Q8BFP9,1,1,1,1,2,1,1,0,1,2,1,2,2,1,1
Q0VBF8,2,2,2,2,2,0,1,2,2,2,1,2,1,2,2
Q80T41,2,1,2,0,0,2,2,1,2,1,1,1,1,1,1
Q9Z0J4,2,1,1,1,2,2,1,1,2,2,2,0,1,3,2
P62774,1,1,1,0,1,1,1,1,1,0,1,1,1,1,1
Q99KC8,1,2,1,2,1,1,1,1,0,1,1,1,0,1,0
Q9CX56,1,0,1,1,1,0,0,0,2,1,1,1,2,0,0
P47962,1,2,1,3,1,0,0,1,1,1,2,0,2,2,2
Q8BFQ8,2,2,0,2,2,2,1,1,3,3,3,1,2,1,1
Q6ZWV7,0,1,1,1,1,1,1,1,1,1,0,1,1,0,0
Q08460,1,1,0,1,1,0,0,0,1,1,1,1,0,0,1
Q8CHX7,2,3,0,1,1,2,2,1,0,2,1,0,1,0,1
P23116,0,0,1,3,1,2,1,0,1,1,2,1,0,2,0
Q3UIU2,0,0,0,1,1,0,0,0,0,1,1,0,0,1,1
Q61029,2,1,0,1,0,2,1,1,1,1,2,1,0,0,1
P40240,0,2,0,1,0,1,0,0,0,1,0,0,1,0,0
Q91VK4,2,3,2,1,2,2,1,2,0,1,0,0,0,0,1
Q61330,1,0,0,0,1,0,0,0,0,0,3,0,0,0,1
Q6NS52,1,0,0,0,1,0,0,0,1,0,3,1,1,2,5
O35639,3,0,1,4,3,3,3,3,0,0,0,0,0,0,0
P49312,1,1,1,2,1,1,1,1,1,2,1,1,1,2,2
Q60829,1,1,1,1,1,1,1,1,1,2,1,1,1,1,4
O35449,1,2,2,2,2,1,2,2,2,1,1,1,2,2,1
P14106,1,1,2,1,1,1,1,1,1,1,1,1,1,1,1
O55100,1,2,1,2,2,1,1,2,1,2,2,1,2,2,1
Q9ES28,2,2,1,1,1,1,1,1,1,1,1,0,1,2,1
P32848,2,1,1,2,0,3,1,1,3,1,2,1,1,1,1
O55106,1,2,1,2,1,1,1,1,1,1,1,1,0,2,2
P56382,1,0,1,1,0,1,0,1,1,1,1,1,0,1,1
O08997,1,1,2,2,2,2,1,1,2,1,2,0,2,1,3
Q9CQ54,1,1,1,2,2,1,1,2,2,1,2,2,1,2,2
Q04690,3,1,0,1,1,2,1,1,1,2,2,1,1,1,4
Q5U458,0,2,2,1,1,0,1,0,0,1,0,0,0,2,2
Q3UYC0,2,1,0,1,1,2,2,1,3,1,0,2,1,1,1
Q9DCS3,1,0,0,0,1,1,2,1,1,1,1,0,1,2,1
Q9ESM3,1,2,0,2,1,1,1,2,1,1,2,1,1,0,2
Q8R2Y0,0,2,2,3,2,0,0,2,1,1,2,2,1,1,2
Q6A0A9,2,2,0,0,2,1,1,1,2,1,3,0,0,1,2
Q9EPK7,0,1,1,2,0,1,1,0,2,3,2,1,1,2,2
O88998,1,1,0,1,1,1,1,0,1,2,2,2,1,3,2
Q6P4S6,1,1,0,3,2,1,0,1,1,2,1,0,0,2,1
O88543,1,1,0,1,3,1,0,0,1,0,2,1,0,1,3
Q99JF8,2,2,0,2,2,2,1,1,1,2,2,2,0,1,2
P61971,1,1,0,0,2,1,0,2,0,3,1,1,1,1,1
Q9EPL8,2,1,2,2,0,2,2,0,2,2,3,0,0,2,1
Q9CQE1,1,2,1,0,1,2,0,0,0,0,0,0,0,1,1
P22723,0,1,0,2,1,1,1,0,2,1,2,1,0,2,2
P45952,1,0,0,0,0,0,0,1,0,1,0,0,0,2,0
Q99JP6,1,0,2,0,2,2,0,1,2,1,0,0,3,1,0
Q9CXT8,1,1,0,0,1,0,0,0,0,1,0,0,0,1,1
Q9JIW9,1,0,0,1,0,2,2,0,0,0,0,0,0,0,1
Q80ZJ1,0,0,0,0,2,0,0,0,0,0,0,2,3,3,2
Q9CR67,1,1,1,1,1,2,1,1,1,1,1,1,1,1,1
P97447,2,2,2,1,2,1,2,2,2,1,1,2,2,1,1
O54946,2,1,2,1,1,1,1,1,1,1,1,1,1,2,2
Q99LB6,1,2,2,1,1,2,1,1,1,2,1,1,1,2,1
Q4KML4,2,2,1,2,1,2,1,1,2,2,2,1,1,2,2
P03930,1,1,1,2,1,1,0,1,2,1,2,2,1,2,2
Q60749,2,1,1,1,2,2,2,1,1,1,1,1,1,1,2
O89023,1,1,1,1,2,1,0,1,1,1,2,1,1,1,1
Q99JX3,2,1,1,2,1,1,1,2,1,1,1,1,1,1,0
O54901,0,0,0,0,0,1,0,0,1,1,1,1,0,1,1
Q60996,1,0,1,1,2,1,1,1,2,2,2,1,1,1,1
Q9WVA3,2,1,1,2,1,2,1,0,1,2,2,0,1,1,1
P09528,1,0,0,1,1,1,1,0,1,1,1,0,1,1,1
Q9JMF3,0,1,0,0,0,0,0,1,0,1,0,1,1,0,1
Q9D1P4,1,1,1,1,1,2,1,0,2,1,1,2,0,2,2
Q9QYA2,0,1,0,1,1,2,1,1,2,1,3,2,1,1,1
Q9WTM5,3,1,0,2,2,2,1,1,1,1,1,0,0,1,2
Q9JK42,1,0,0,0,2,1,0,0,1,2,1,2,1,0,2
Q8BL97,1,0,0,0,1,2,1,0,3,1,0,0,1,0,0
Q9D967,2,1,0,2,2,2,2,1,1,1,2,0,0,2,2
O35345,1,2,0,0,1,2,1,0,2,1,1,1,0,0,1
Q9QWY8,1,0,0,3,1,2,1,1,2,1,2,1,0,1,0
Q99J08,2,0,0,0,1,1,0,1,2,1,1,0,0,1,0
P51859,0,0,1,0,2,0,0,0,0,0,0,0,0,0,1
Q8R0S4,2,2,0,2,1,1,2,0,0,2,0,1,0,0,1
Q8C167,1,0,0,1,2,0,0,1,1,0,2,1,0,1,0
P36536,2,1,1,0,0,1,0,1,1,0,2,0,0,0,2
P55088,1,2,0,1,1,1,1,0,0,1,0,1,0,2,1
Q6PAK3,2,1,0,2,2,1,0,0,2,2,2,1,0,2,2
Q8R5J9,1,0,1,1,1,2,2,0,2,0,1,0,0,0,1
Q3UGY8,3,0,1,3,2,3,2,2,0,0,0,0,0,0,0
Q8JZP2,1,1,0,0,0,0,2,0,2,2,0,0,0,0,1
Q5SX40,0,0,0,0,0,0,9,0,0,0,0,0,0,0,0
P62852,1,1,1,1,1,1,1,1,1,1,1,1,1,1,1
O35127,2,1,1,2,2,1,1,1,2,2,2,1,2,1,2
P03911,1,1,1,1,2,2,1,1,2,1,1,1,1,1,2
P62500,1,1,1,1,1,1,1,1,1,1,1,1,1,1,0
Q62093,1,2,1,1,2,1,1,2,1,2,2,2,2,2,2
Q9D5V5,1,1,0,2,2,3,1,1,1,1,1,1,1,2,2
P62307,1,2,1,2,2,1,1,2,2,2,2,2,0,2,2
Q8VED5,1,1,1,1,1,1,1,1,1,1,0,1,1,1,1
Q9DAW9,1,1,1,1,3,4,1,1,0,1,1,1,1,1,1
Q6PD03,0,1,1,0,1,0,1,0,0,1,1,1,0,1,2
O88696,2,1,0,2,0,2,1,0,1,2,1,1,1,2,2
Q9CPS6,1,0,1,1,1,0,1,1,1,1,1,1,1,2,2
Q4VAE3,0,2,1,0,1,2,1,1,0,1,2,2,1,1,1
Q9D1R9,0,2,1,0,0,0,1,0,1,0,0,0,1,2,0
A2AJI0,1,1,0,0,0,0,0,0,0,2,2,1,1,0,1
Q6NZJ6,1,2,0,3,2,2,2,1,0,1,2,1,0,1,0
Q922B1,1,2,2,1,1,2,1,0,2,2,2,0,1,0,0
P62751,0,1,0,1,1,2,0,0,1,0,0,0,0,0,0
Q9D906,3,2,0,3,1,0,0,2,0,0,0,0,1,1,3
P35282,2,1,1,1,1,3,1,0,2,1,1,0,0,1,2
B1AZP2,2,0,1,2,0,0,0,0,0,2,1,0,1,2,1
Q9EQQ9,1,1,0,0,1,1,0,0,0,1,1,0,1,0,1
P54775,2,1,0,0,1,1,0,0,1,0,1,0,0,0,0
Q3UMR5,2,1,0,0,2,2,1,0,2,0,2,0,0,0,1
P13020,1,2,0,1,2,2,1,2,1,0,0,0,0,0,0
Q8BGD9,1,2,1,1,2,1,1,2,1,2,1,1,2,1,1
P47740,2,1,1,2,2,2,1,1,1,2,1,1,1,2,2
Q8BXZ1,2,1,1,1,1,2,1,1,1,2,1,1,1,2,2
Q9CQ22,3,1,1,1,1,1,2,1,0,1,2,1,1,1,1
Q9DCU2,2,2,1,1,1,1,1,1,1,1,1,2,1,0,1
P26516,2,1,1,1,1,1,1,1,1,1,2,1,1,0,2
Q3ULD5,1,2,1,1,2,1,1,1,1,1,1,1,0,1,2
Q99L04,1,1,1,2,2,4,0,2,1,1,1,1,1,0,1
Q8CFV4,2,1,0,1,1,1,1,0,2,2,1,1,1,1,2
Q8R1B4,1,1,0,1,1,1,1,1,0,2,1,1,1,1,1
O70439,0,2,0,1,1,1,0,1,2,0,0,1,1,1,1
Q6PFD5,2,1,1,1,1,1,1,1,0,1,0,1,1,1,2
P50153,1,1,1,0,0,1,2,0,1,0,1,1,1,1,3
P59017,0,2,0,1,0,1,1,1,0,0,2,1,0,1,1
Q9Z2I8,2,1,1,2,1,1,2,1,0,1,1,1,0,1,0
Q9D5T0,0,0,2,2,2,1,1,0,1,1,1,0,1,1,2
Q6ZQ18,1,1,0,1,0,0,0,1,2,1,1,2,0,1,1
Q8VBY2,1,1,0,1,1,0,0,0,1,1,0,2,1,0,0
Q9JIF7,1,1,0,1,4,1,1,0,0,1,1,0,0,1,1
Q61545,1,1,1,0,1,0,1,0,0,2,0,0,0,1,2
Q60631,1,1,0,1,0,2,0,1,0,1,2,1,0,0,2
Q9D6U8,1,0,0,2,0,2,1,0,0,1,2,1,0,0,2
Q68FL6,1,1,0,0,2,1,0,0,1,1,2,0,0,1,1
Q9CRY7,1,1,0,0,1,1,1,0,2,0,0,0,1,0,1
Q80UJ7,1,0,0,1,2,0,0,0,1,1,2,0,1,1,2
Q9D6J5,0,0,0,0,1,1,1,0,0,1,0,0,1,0,1
Q91YP2,1,0,0,2,0,1,3,0,0,0,1,0,0,1,1
Q91V09,0,0,2,0,1,0,0,2,0,1,3,1,1,0,0
O35343,0,0,0,1,0,1,0,0,0,1,2,0,0,0,2
P70663,0,1,0,0,1,5,1,1,0,3,0,0,0,0,1
P03921,0,0,0,1,0,3,0,0,1,0,0,0,0,0,1
Q99KE1,0,0,0,0,0,1,1,0,0,0,0,0,0,2,0
O70492,1,0,0,0,0,1,0,0,0,1,0,0,1,0,0
Q9DD18,2,1,1,2,1,2,1,1,1,1,1,1,1,1,2
Q8VHI6,1,1,1,1,0,2,0,1,1,1,1,1,1,1,2
Q61187,2,2,1,1,1,1,2,2,1,2,0,2,1,1,1
Q91VW3,3,2,1,1,1,1,1,2,1,1,1,0,2,1,1
Q8C7K6,2,1,0,2,1,1,1,1,2,1,1,1,0,1,1
O08919,2,2,1,0,1,1,1,2,0,1,1,1,0,1,1
Q8VE62,1,2,1,1,1,1,0,1,1,2,2,0,1,0,1
Q8C7M3,1,1,0,1,0,1,1,0,2,1,2,1,1,1,1
P62754,0,0,0,2,1,0,0,0,1,0,1,0,0,1,0
Q8C729,1,0,0,2,1,1,0,0,2,2,1,1,1,2,2
O88851,0,1,0,0,0,1,0,0,1,0,0,0,0,1,0
Q9ERG2,2,0,1,1,2,0,1,0,1,1,0,0,1,2,2
Q8BMJ2,2,1,2,2,0,1,1,1,1,1,0,0,0,1,0
P53996,0,1,0,1,1,1,0,0,1,1,0,0,0,0,0
O35382,2,1,0,3,0,2,0,1,1,3,2,0,0,2,0
Q61292,1,1,0,0,0,4,0,0,0,2,2,0,1,3,1
Q9D6Z1,0,0,0,0,0,1,1,1,0,1,1,0,0,1,0
Q91VT4,0,2,0,1,1,2,1,0,2,2,1,0,0,1,2
P70232,2,1,2,3,0,1,0,3,1,0,0,1,0,0,0
Q9EST5,1,1,1,1,1,0,0,1,0,0,2,1,0,0,2
Q9ER58,3,2,2,2,3,3,2,2,0,0,0,0,0,0,0
Q01065,0,0,0,0,1,1,1,0,1,1,0,0,0,0,6
Q6IRU2,0,0,0,0,0,0,0,2,0,1,0,1,0,1,0
O55026,1,1,1,1,2,1,2,2,1,1,1,1,1,1,1
Q8C8T8,1,1,1,1,1,2,1,1,1,1,1,1,1,1,1
Q99L45,1,1,1,1,1,1,1,1,1,1,1,1,1,2,1
Q8JZN5,2,1,1,1,1,1,1,1,1,1,1,1,1,1,1
P40336,1,1,1,1,2,1,1,1,2,1,1,1,1,1,1
P61957,1,0,1,1,1,1,1,1,1,1,1,1,1,1,1
P83940,1,1,1,1,1,1,0,1,1,1,3,1,1,2,2
Q8R574,0,1,0,1,1,1,1,1,1,1,1,1,1,0,1
Q9CQE8,0,1,1,1,2,3,0,1,1,1,3,1,1,2,2
Q80X80,0,0,1,1,1,0,0,1,0,0,1,1,0,0,1
Q9CWE0,1,1,0,0,0,1,1,1,1,2,1,1,2,1,0
Q91Z67,2,1,1,2,1,1,0,1,1,0,0,1,1,1,2
P12961,1,1,1,2,1,1,0,1,1,1,2,0,2,1,1
P48024 (+1),2,1,0,0,0,1,3,0,1,0,1,1,0,1,1
P97822,2,2,0,2,2,3,1,1,1,1,2,0,1,1,1
Q3UUG6,1,2,1,0,0,1,0,0,0,0,1,1,1,0,1
Q6PCP5,1,1,2,1,2,0,1,0,1,0,2,1,0,0,1
Q9D8U8,0,0,0,1,1,1,1,2,1,2,2,1,0,2,1
Q6P8X1,1,0,0,2,3,1,0,0,1,2,1,0,0,1,1
Q64442,0,1,0,1,0,1,1,1,0,1,1,0,1,0,0
Q9D0L7,2,1,0,1,1,1,1,0,1,1,3,0,0,1,3
O70252,1,0,0,1,1,1,0,0,1,1,1,1,0,1,0
P24270,0,0,0,0,1,1,1,0,0,1,1,0,0,1,0
Q60780,1,0,0,1,1,2,0,0,0,2,2,1,0,0,0
Q60972,1,1,0,0,1,1,0,0,0,2,1,1,0,0,2
Q9D0R2,1,0,0,0,2,0,0,0,1,0,2,0,0,1,2
Q99LB2,0,1,0,0,0,0,0,1,0,0,0,0,0,0,0
Q8K0Y2,0,2,0,0,0,1,9,0,2,0,0,0,0,0,0
Q8BJ42,2,1,0,0,0,0,0,0,0,1,0,0,0,0,0
P62858,1,1,1,1,1,1,1,1,2,1,1,1,1,1,1
P62911,1,1,1,1,1,1,1,1,1,1,1,1,1,1,1
Q3UZP4,1,2,1,1,1,2,1,1,2,1,1,1,1,0,1
Q8CG76,0,1,1,2,2,2,1,1,1,1,1,1,1,1,1
Q8K274,1,1,1,1,1,2,0,1,1,1,1,2,1,1,1
Q8BL65,1,1,1,1,1,1,0,1,0,1,1,1,1,1,1
P34914,1,1,1,2,2,1,1,1,1,1,2,0,0,1,1
Q9CQ85,0,1,0,1,1,1,1,1,1,1,0,1,1,0,0
P0DN34,1,1,1,1,1,1,1,1,1,1,0,1,1,1,1
P08414,0,0,0,1,1,1,0,1,0,1,1,1,0,1,1
Q8K1Z0,1,1,2,1,1,2,2,1,0,1,0,2,2,0,0
Q9QYJ3,1,0,0,1,0,0,1,0,1,1,1,0,1,1,2
Q8R3P0,0,2,0,1,1,2,1,2,1,1,2,0,2,0,0
Q9DB73,0,1,0,1,0,0,1,0,1,1,1,0,0,1,2
O54988,2,2,0,1,1,1,0,0,2,2,2,0,0,2,2
Q8BLJ3,1,0,1,0,2,0,0,1,1,1,2,0,1,0,2
P28650,1,2,0,2,3,3,0,0,1,1,2,0,0,0,1
Q62348,0,2,2,1,1,2,1,0,0,1,0,0,0,2,0
Q791T5,1,0,2,1,1,1,1,1,1,1,1,1,1,1,1
Q922Q4,1,1,0,1,1,1,1,1,1,1,1,1,1,1,1
P62900,1,1,0,2,2,2,1,1,1,1,2,0,1,2,1
F8VPU2,0,1,1,1,2,1,1,1,0,1,1,1,1,1,1
Q91WK5,1,1,1,1,1,1,1,0,2,1,2,0,1,1,1
Q9DBL1,1,1,1,0,1,4,1,0,1,0,1,1,1,1,0
Q9JM63,2,1,0,1,2,2,0,1,1,1,1,1,1,1,3
P61358,1,1,1,1,2,0,1,1,1,0,0,1,1,0,0
Q9D1L9,2,1,1,2,2,2,1,1,0,0,2,0,1,1,1
Q9CQ86,0,0,0,1,0,1,0,0,1,1,1,0,0,0,2
Q03958,0,2,1,0,0,0,0,2,1,1,2,2,2,1,2
E9Q6P5,0,0,0,0,2,1,0,1,2,3,1,1,1,3,1
P54830,1,1,0,1,0,1,1,1,0,0,2,0,1,1,2
Q99M87,1,0,1,2,2,0,0,1,1,1,3,0,1,2,0
P04919,1,1,2,1,1,1,0,1,1,1,0,2,2,0,0
Q9D1X0,2,0,0,1,2,2,2,0,1,1,2,0,0,0,2
Q9D8B7,1,1,0,1,1,2,0,1,1,1,1,1,0,0,0
Q8R127,2,1,0,0,0,0,0,1,0,1,2,0,0,0,2
P12025,1,1,3,1,3,1,2,1,0,0,0,0,0,0,0
Q9QXK3,2,0,0,0,0,1,0,0,0,0,1,0,0,0,0
Q61765,0,0,0,0,0,0,9,0,0,0,0,0,0,0,0
P11438,1,1,1,2,1,1,1,1,1,1,1,1,1,1,1
Q9CR98,1,1,1,1,1,1,1,0,1,1,1,1,1,1,1
Q9CR26,1,1,1,1,1,1,1,1,1,1,1,1,1,1,0
P84099,1,2,1,2,1,2,2,1,0,1,2,1,1,1,0
P0C0A3,1,1,1,1,1,0,1,1,0,2,2,1,1,1,2
P97390,1,1,1,2,1,1,2,1,1,1,1,0,1,1,0
Q8C078,0,0,0,1,1,1,1,1,0,1,1,1,1,1,0
Q8BTZ7,0,1,0,1,0,1,1,1,1,1,2,1,1,1,2
Q14BB9,1,1,0,1,1,1,0,1,0,1,1,2,1,1,1
Q61234,0,0,2,1,1,0,1,1,1,1,1,0,1,1,1
O35857,1,1,0,1,1,1,2,0,1,1,1,0,0,1,1
Q9CXP8,2,1,1,1,1,1,0,0,0,1,1,1,0,1,1
Q9D7A8,0,1,0,0,1,2,1,1,1,2,0,1,0,1,1
Q8BY89,1,1,1,0,2,2,0,0,1,0,1,0,1,0,1
Q03173,0,1,0,0,1,0,0,1,0,1,1,0,1,1,1
O54829,0,1,0,1,2,2,0,1,1,0,2,0,0,0,1
A2ASQ1,1,0,0,0,1,2,1,0,0,1,1,0,0,1,0
Q8CJH3,1,1,0,0,1,1,1,0,0,1,1,0,0,0,0
Q61543,1,0,0,0,1,2,0,0,1,2,2,0,1,0,1
Q9JHW2,1,0,0,0,0,0,0,1,1,0,1,0,1,0,1
P34152,0,0,0,2,0,0,0,0,1,1,2,0,0,0,1
P07309,1,2,0,0,0,1,0,3,0,3,0,0,0,4,0
Q9D646,0,3,0,0,0,0,8,0,0,0,0,0,0,0,0
P62267,1,1,1,1,1,1,1,1,1,1,1,1,1,1,1
Q8VDP6,1,1,1,1,1,2,1,1,2,1,1,1,1,1,1
Q9JMC3,1,1,1,1,1,2,1,1,2,1,1,1,1,1,1
O88746,1,1,1,1,1,1,1,1,1,1,1,1,1,1,1
Q8VBV7,1,1,1,1,2,1,1,2,1,0,1,1,1,1,1
Q922H2,1,1,1,1,1,1,1,1,1,1,0,1,1,1,1
Q9D4C9,1,1,1,1,2,1,1,1,2,2,1,1,1,1,1
Q9D880,1,1,1,1,1,0,1,1,1,1,1,1,1,1,1
Q9CRB8,2,0,1,1,1,1,1,1,1,1,1,1,1,1,1
Q99KP3,0,1,1,1,0,1,1,1,1,1,1,1,2,1,1
P60229,1,1,1,1,1,1,1,0,0,1,0,1,1,0,1
O88910,1,1,0,1,2,2,0,1,1,1,1,1,1,0,2
Q99MK8,2,1,1,1,2,3,0,0,2,1,0,2,0,0,1
Q9QXB9,1,0,0,1,1,1,1,0,1,1,1,0,2,1,2
Q68ED7,0,1,1,1,0,0,0,0,1,1,1,0,0,1,0
Q8C878,0,0,0,0,1,0,1,0,0,1,1,0,1,1,1
O55142,1,1,1,1,0,0,1,0,0,0,1,0,1,1,0
Q99KK2,1,2,1,0,0,0,0,1,0,1,1,1,1,0,0
O55029,0,1,0,0,0,0,0,0,0,0,0,1,1,0,0
Q8BQP9,0,0,0,0,0,0,0,0,1,1,0,0,0,1,0
P70699,1,0,0,2,1,1,0,0,0,0,1,0,0,0,2
Q5RJI5,0,1,0,0,1,0,0,1,1,1,1,0,2,0,0
Q3TMH2,0,1,1,0,1,1,1,0,0,1,0,0,2,1,0
Q3UJU9,1,0,0,0,0,0,0,1,0,0,1,0,1,0,1
Q9JLN9,1,0,0,1,2,0,0,0,1,1,3,1,0,0,2
O88958,1,0,1,1,1,0,0,0,1,1,0,0,1,1,2
Q8CGF6,2,0,0,0,0,2,0,0,1,1,0,1,0,0,0
Q8VDJ3,2,1,0,1,3,1,0,0,1,0,1,0,0,2,0
P46061,1,0,1,1,1,0,0,1,0,0,1,0,0,0,0
Q9QZD8,0,1,0,1,1,2,0,0,0,1,1,0,0,0,2
Q5SUR0,1,1,0,0,1,2,0,0,1,0,0,2,1,0,1
P23927,1,1,0,0,1,4,1,2,0,1,0,1,0,0,0
O35954,1,0,0,1,1,1,0,0,0,0,2,0,0,0,3
Q58A65,2,1,0,1,1,0,0,0,0,2,2,0,0,1,1
Q00612,0,0,0,0,1,0,0,1,0,0,0,1,0,0,0
Q9CPU4,0,0,0,1,0,2,0,0,1,0,1,0,0,1,0
P07356,2,0,0,1,2,3,2,0,0,0,0,0,0,4,0
Q68FH0,1,0,0,1,1,3,0,0,1,0,1,0,0,0,0
Q9Z2K1,0,0,0,0,2,0,2,0,0,0,0,0,0,3,1
Q8JZW4,1,0,0,0,0,0,0,0,0,0,0,0,0,0,2
Q9QUH0,1,1,1,1,1,1,1,1,1,1,1,1,1,1,1
Q9D1D4,1,1,1,1,1,1,1,1,1,1,1,1,1,1,1
Q8BIG7,1,1,1,1,1,1,1,1,1,1,1,1,1,1,1
Q9D0J8,1,1,1,1,0,1,1,1,1,1,1,2,1,1,0
Q9D1L0,1,1,1,1,1,1,1,1,1,1,1,1,1,0,0
Q8BH58,1,1,1,1,1,0,1,0,2,1,1,1,1,1,1
Q8R2Y8,1,1,0,1,1,1,1,1,1,1,1,0,1,1,1
Q8VHL1,0,1,0,0,1,1,1,1,1,1,1,1,1,1,1
P62317,1,1,1,0,1,1,1,0,1,1,1,1,0,1,1
P61924,1,1,1,1,0,1,1,0,0,1,1,1,1,1,1
Q66JS6,1,1,1,1,0,0,0,0,1,1,1,1,1,1,1
Q9D1M0,0,1,0,1,0,1,1,1,1,1,1,0,0,1,1
Q8C0L0,1,1,0,0,0,2,1,1,1,1,0,1,1,1,1
Q9CQZ1,1,0,1,1,0,0,1,1,0,1,0,1,1,1,1
Q8CHT0,1,3,1,1,1,0,0,1,0,0,1,1,1,1,1
P47955,1,1,0,1,1,1,1,1,1,1,1,0,0,1,0
Q3UH60,1,0,0,1,1,3,1,0,1,1,1,1,0,1,1
O35344,0,1,1,0,1,0,0,1,0,0,0,2,0,0,1
Q9Z127,1,0,2,2,0,0,1,0,0,1,1,1,1,2,0
Q9EQZ6,1,1,0,0,0,0,1,1,0,0,1,2,2,1,1
Q8C0C7,1,0,0,1,2,2,0,1,1,0,1,1,1,0,1
Q9CQF3,1,2,0,1,0,0,1,0,1,0,1,1,0,0,2
Q9D1J3,1,1,0,0,0,2,1,0,1,1,1,0,1,1,0
Q6ZQI3,3,0,2,1,0,2,1,0,0,0,1,0,0,1,1
Q3TDD9,0,0,0,2,3,1,0,0,1,0,1,0,0,1,2
P17047,2,1,2,1,1,1,2,1,0,0,0,0,0,0,1
Q9R1T2,1,0,0,1,2,1,0,0,1,1,1,1,0,1,0
P61255,0,1,1,1,0,1,0,1,0,0,0,1,1,0,0
Q7TMY8,2,0,0,0,0,0,1,0,0,2,1,0,0,0,1
Q8BX70,1,0,0,2,3,0,0,0,1,0,1,0,0,1,1
O88704,1,0,0,0,0,0,0,1,0,1,1,1,0,0,0
Q8BTG7,0,0,0,2,1,1,1,0,2,0,1,0,0,0,1
Q9WV18,1,2,0,0,0,0,1,2,0,0,1,0,0,1,1
Q8VD04,1,0,0,0,0,1,0,0,0,1,0,0,0,0,1
O88456,1,0,0,0,0,2,0,0,0,1,0,0,0,0,1
P58044,0,1,0,0,0,1,0,0,1,0,0,0,0,0,0
O89051,0,2,1,1,2,1,1,1,1,0,0,0,0,0,0
Q8BR92,0,0,0,0,3,1,0,0,0,1,0,0,0,0,1
Q9D9M2,2,0,0,1,1,1,0,0,1,0,2,0,0,0,3
P84104,0,0,0,0,2,0,1,1,0,1,0,1,1,1,0
Q7SIG6,0,0,0,1,1,2,1,0,1,0,0,1,0,0,0
P37804,0,0,0,0,0,1,0,0,0,0,0,0,0,6,0
Q80WM4,0,0,0,0,0,0,0,0,0,0,0,0,2,0,0
Q9CQR4,1,1,1,1,1,1,1,1,1,1,1,1,1,1,1
P00158,1,1,1,1,1,1,1,1,1,1,1,1,1,1,1
Q505D7,1,1,1,1,1,1,1,1,1,1,1,1,1,1,1
P61967,1,1,1,1,1,1,1,1,1,1,1,1,1,1,1
P28184,1,1,1,1,1,1,1,1,1,1,1,1,1,1,1
Q9CWM4,1,1,1,1,1,1,1,1,1,1,1,1,1,1,1
A2AUM9,1,1,1,1,1,1,1,1,1,1,1,1,1,1,1
Q80XU3,1,1,1,1,1,1,1,1,1,1,1,1,1,1,1
Q9D7X8,1,1,1,1,1,1,1,1,1,1,1,1,1,1,1
P02802,1,1,1,1,1,1,1,1,1,1,1,1,1,1,1
P03899,1,1,1,1,1,1,1,1,1,1,1,1,1,1,1
Q5F285,1,1,1,1,1,1,1,0,1,1,1,1,1,1,1
Q9CYN9,1,1,0,1,1,1,1,1,1,1,1,1,1,1,1
P02798,1,1,1,1,1,1,1,1,1,1,1,1,1,1,1
Q921W4,1,1,0,1,1,1,1,1,1,1,1,1,1,1,1
Q9CXI5,1,1,1,1,1,1,1,1,1,1,1,1,1,1,1
Q6ZPU9,1,1,1,1,1,2,1,1,1,1,1,1,1,1,0
P63073,1,1,1,1,1,1,0,1,0,1,0,0,0,0,1
Q9CPX6,1,1,1,0,1,0,1,1,1,1,1,1,1,1,1
Q9JKV1,1,1,1,1,1,1,0,1,1,0,1,1,1,1,1
Q8BWM0,1,1,0,2,1,1,1,0,1,1,1,1,0,2,1
Q8BI08,1,1,0,0,1,1,1,1,1,1,1,1,1,1,1
P60761,1,0,1,1,1,1,1,1,1,0,1,1,1,1,1
Q9D4H1,1,1,0,1,1,0,2,1,2,1,1,1,1,0,0
Q9D9M0,1,0,1,1,1,1,1,0,1,1,1,1,1,0,1
Q99LP6,1,0,0,1,3,1,0,1,1,1,1,1,0,1,1
O89084,1,1,0,0,1,0,1,0,1,1,1,1,1,1,0
Q3UHB8,2,1,0,2,1,0,0,0,1,1,1,1,1,1,1
P63248,1,0,1,0,1,1,1,0,1,0,1,0,1,1,1
Q9D6K8,1,0,1,1,2,1,1,0,1,0,1,0,1,0,2
P35505,0,0,1,0,2,1,2,0,1,1,1,0,0,1,1
Q9D2V7,0,1,0,1,0,0,0,1,1,0,0,0,0,0,0
Q8VH51,0,1,0,0,1,0,0,1,0,0,0,1,1,0,2
P58404,0,0,0,0,1,0,0,0,1,1,1,1,0,0,0
A2AG50,0,1,0,1,1,1,0,0,1,2,2,0,0,1,2
O08583,2,0,1,1,2,1,1,0,0,0,2,0,0,1,0
P54822,0,0,0,2,0,1,1,0,0,0,1,1,0,0,1
Q9JII5,0,0,0,0,0,1,0,0,1,1,1,0,0,1,0
Q9CR00,0,0,0,0,0,0,1,0,0,0,0,1,0,0,0
Q8R2R9,1,0,0,1,1,0,0,0,0,1,2,0,1,0,1
Q8QZT2,0,0,0,0,0,2,2,0,0,1,0,0,0,0,1
Q925I1,1,0,1,0,0,0,0,0,0,1,1,0,0,0,2
Q8VHK5,0,0,0,0,2,2,1,1,0,0,0,0,0,0,1
Q9D6S7,0,0,0,0,0,1,0,0,0,1,0,0,0,0,2
Q64520,0,0,0,1,0,1,0,0,1,0,0,0,0,0,1
P06797,0,0,0,0,0,0,0,1,0,0,0,0,0,0,0
Q8R3Z5,0,0,0,0,2,0,0,0,1,2,0,0,0,0,0
P54285,2,0,0,0,0,0,0,0,0,1,1,0,0,0,0
Q9QWW1,0,0,0,0,0,0,0,0,2,0,0,0,0,0,0
Q9D1H7,1,1,1,1,1,0,1,1,1,1,1,1,1,1,1
Q62283,0,1,1,1,1,1,1,1,1,1,1,1,1,1,1
Q9CQ65,1,1,0,1,1,1,1,1,1,1,1,1,0,1,1
O09114,1,1,1,1,1,1,1,1,1,1,1,1,1,1,0
O55074 (+1),1,1,1,1,1,1,0,1,1,1,0,1,1,1,1
P84089,1,0,1,1,1,0,1,1,1,1,1,1,1,1,1
P0DP60,1,1,1,1,1,0,1,0,1,1,1,0,1,1,1
Q9CRD2,1,1,0,1,1,0,0,1,0,1,1,1,1,1,1
P59648,1,1,0,1,0,0,1,1,1,0,1,1,1,1,0
Q62186,1,1,0,0,0,1,1,0,1,1,1,0,1,1,1
Q9DB72,1,1,0,0,0,2,0,1,0,1,0,1,1,1,1
Q8K3W0,1,1,0,1,1,0,0,1,1,1,1,0,1,0,1
Q80U56,0,0,1,1,1,0,0,0,1,1,0,1,1,1,1
P61087,1,1,0,1,1,0,1,1,1,1,0,0,1,0,1
Q8WTY4,1,0,1,0,1,0,1,1,2,1,1,0,0,1,0
Q8R4N0,2,1,0,1,1,0,0,1,0,2,0,1,1,0,0
Q8BG73,1,0,0,1,1,0,0,1,0,1,1,0,1,1,1
P51855,0,0,0,0,0,0,1,0,1,0,0,0,0,1,0
Q8BHG2,0,1,1,1,0,0,0,1,0,0,0,1,0,0,0
Q91XL9,0,1,0,0,2,1,0,0,0,0,1,0,1,1,0
Q9CR51,0,0,2,0,0,0,0,1,0,1,1,1,0,0,0
Q9DCC8,0,0,1,0,1,0,1,0,0,0,0,1,0,1,0
Q91VE0,1,0,0,0,0,1,0,0,0,0,0,0,0,1,1
Q01405,0,0,1,0,0,1,0,1,0,1,0,0,0,0,1
P09055,2,0,0,0,1,3,1,1,0,0,0,0,0,0,0
Q8BHL3,0,1,0,0,0,0,0,0,0,0,1,0,0,0,1
P42859,0,0,0,1,1,0,0,0,0,0,0,0,0,0,0
Q3UTH8,1,1,1,1,1,1,0,0,1,1,1,1,1,1,1
P61022,1,1,1,1,1,0,1,1,0,1,1,1,1,1,1
P35288,2,1,1,1,0,0,1,1,1,1,0,1,1,0,1
E9Q7X7,1,0,1,1,0,1,1,1,1,1,1,1,0,1,0
Q8VEA4,0,0,0,1,1,1,1,1,1,1,1,1,1,0,1
Q8R3Q2,1,1,0,1,1,0,0,0,1,1,2,0,1,1,1
Q6W8Q3,1,1,0,0,1,0,0,1,1,1,1,1,1,1,0
Q8BMS4,1,1,0,1,0,1,1,1,1,0,1,1,1,1,0
Q99JP7,0,1,1,0,0,2,1,1,1,1,1,1,0,0,1
P62838,1,0,1,1,1,1,0,0,1,0,1,0,1,1,1
P63046,1,0,0,1,2,1,2,0,2,1,1,0,0,1,1
Q9CPQ3,1,1,0,1,2,1,0,0,0,1,1,0,1,1,1
Q80U40,1,1,0,1,1,0,0,0,0,0,1,0,1,1,1
Q80W47,1,1,0,0,1,0,0,0,1,1,1,1,1,1,1
P61961,1,0,0,0,0,0,0,1,0,0,1,0,1,1,1
Q9ERI6,1,1,0,1,2,0,0,0,1,1,1,0,0,1,2
Q7TQ95,2,0,1,1,0,1,2,0,1,1,1,0,0,0,0
Q6NS60,0,0,1,1,1,1,0,0,1,1,0,2,1,2,0
P04627,1,0,0,1,0,1,0,1,2,1,0,0,2,1,0
Q99N50,0,0,0,0,1,1,1,0,1,1,0,0,1,1,0
Q03517,1,0,0,1,1,0,0,0,1,0,2,0,0,1,2
Q9Z2C4,0,0,0,0,0,0,0,1,0,1,0,0,1,1,0
P54923,0,1,0,0,0,0,0,0,1,1,1,0,1,0,2
Q9WVK8,1,0,1,0,0,1,1,1,0,0,1,0,0,0,2
P61759,0,0,0,0,0,0,0,0,0,1,0,0,0,0,0
Q99J09,0,0,0,0,0,0,0,0,0,0,0,0,1,0,1
Q9CQ91,0,0,0,0,1,0,1,0,0,0,1,0,0,1,0
Q8C0T5,0,1,0,2,0,0,0,0,0,1,2,0,1,0,1
Q8BUK6,2,0,0,2,1,1,0,1,0,0,1,0,0,0,1
Q8BRF7,2,0,0,2,1,0,0,2,0,1,2,0,0,0,1
P60670,1,0,0,0,1,0,1,0,1,0,0,0,0,0,0
P61329,1,0,0,0,0,1,2,0,0,0,0,1,0,0,1
P28798,1,1,0,0,0,0,1,0,0,0,0,0,0,0,0
P16332,0,0,0,0,1,0,0,0,0,1,0,0,0,0,0
Q9D7B6,1,0,0,0,1,0,0,0,0,1,0,0,0,1,0
P62073,0,0,0,1,0,1,1,0,1,0,1,0,0,0,0
Q8CCB4,2,0,0,0,0,1,0,0,0,0,1,0,0,0,1
Q91VF2,0,0,0,0,0,0,0,0,0,1,0,0,1,1,1
Q9JKN6,0,0,0,1,0,0,0,0,0,0,1,0,0,0,1
P50114,0,0,0,0,2,3,2,0,2,1,1,0,0,0,0
Q9JHR7,0,1,0,0,1,0,1,0,0,1,0,0,0,0,0
Q9R0H0,1,0,0,1,1,1,0,0,0,0,0,0,0,0,1
P97492,0,0,0,0,0,0,0,0,0,0,0,1,0,0,0
Q80UP3,0,0,0,0,1,0,0,0,1,1,0,0,0,0,0
Q8R2V5,1,1,0,1,1,1,1,0,1,1,1,1,1,1,1
Q9CTY5,1,1,1,1,1,1,0,0,0,1,1,1,1,1,1
Q8BGN8,0,1,0,1,1,0,0,0,1,1,1,1,1,1,1
Q9CPX8,1,1,0,1,1,1,1,0,1,1,1,0,1,0,1
O35286,1,0,0,1,1,1,1,0,1,1,1,0,1,1,1
Q3UEB3,1,1,0,0,1,0,1,1,1,0,1,1,1,1,1
Q9D1E6,1,1,1,0,1,0,0,1,1,1,1,0,0,1,1
P24668,1,1,1,1,1,1,1,1,0,0,1,0,0,1,1
Q9Z0Y1,0,0,1,1,0,0,0,0,1,0,1,0,1,0,1
P62077,0,1,0,1,1,1,0,1,1,1,1,0,1,1,1
Q9R1Q9,0,1,1,0,0,1,0,0,1,1,0,1,1,1,1
P70195,1,1,1,1,0,2,1,0,1,0,1,0,0,1,0
P97823,0,1,0,1,1,0,0,0,1,1,1,0,0,0,1
Q3B7Z2,0,1,0,0,1,1,0,0,1,1,0,0,0,0,1
Q8BK30,1,0,0,0,0,0,0,0,1,1,1,1,1,1,0
Q8K411,0,1,0,1,1,0,1,0,1,1,1,0,0,1,0
Q11136,2,0,0,2,1,1,0,0,0,0,1,0,0,1,1
Q9QZQ1,1,0,0,0,0,0,0,1,1,0,0,0,1,0,0
Q8CIG8,0,0,1,1,0,0,0,0,0,0,0,0,0,1,1
Q91XD7,0,0,0,0,0,0,0,0,0,1,1,0,0,1,1
Q9R0D8,0,0,0,0,2,0,0,0,0,1,1,1,1,0,0
Q9CQ89,0,0,0,0,0,1,0,0,1,0,1,1,0,1,1
A2A5R2,0,1,0,1,0,0,0,0,1,0,1,0,0,1,0
Q9D924,1,0,0,0,0,1,0,1,1,0,0,0,0,0,1
P98086,1,2,0,1,0,1,1,0,0,0,1,0,0,0,0
Q8R050,0,0,0,0,0,0,0,0,1,0,1,0,0,0,1
Q8BXR1,1,0,0,0,0,1,0,0,2,0,1,0,0,2,1
Q9QWL7,0,0,0,0,0,1,1,0,1,0,1,0,1,3,1
Q9ERT9,0,0,0,1,0,1,0,0,0,1,1,0,1,0,0
Q9EPU0,0,0,0,0,2,0,0,0,0,0,0,0,0,1,1
Q9CZW4,0,0,0,2,1,0,0,0,0,0,1,0,0,2,0
Q91VC3,0,0,0,0,0,0,0,0,0,1,0,0,1,0,0
Q8CFI0,0,1,0,0,0,1,0,0,0,1,1,1,0,0,0
Q80X50,0,0,0,0,0,0,0,1,0,1,0,0,1,1,0
Q8BMG7,0,0,1,1,1,0,0,0,0,0,0,0,0,2,1
Q9D2P8,0,1,0,0,1,1,0,0,1,0,1,0,0,0,0
P11352,0,1,0,1,0,1,0,0,0,0,1,0,0,0,0
Q9QXW9,0,0,0,0,0,0,1,0,0,0,0,0,0,0,0
B9EJ86,0,0,0,1,1,0,0,1,0,0,0,0,0,0,0
Q9CRA7,1,1,0,1,1,1,0,0,0,1,1,1,1,1,1
Q8BIW1,1,1,0,1,1,0,0,1,0,0,1,0,1,0,1
D3YWQ0,0,1,0,1,2,1,0,0,1,0,1,0,0,1,1
P51880,0,0,0,0,1,0,0,1,0,1,1,1,1,1,1
P97825,0,0,1,1,0,0,1,1,0,0,1,0,1,0,1
P38060,1,0,0,1,1,0,1,0,0,0,2,0,1,0,2
Q3TDN2,0,1,0,1,2,0,0,0,0,0,1,0,0,1,2
O09131,1,0,0,0,0,1,0,0,0,0,1,0,0,0,1
P60824,2,0,0,2,0,0,0,0,0,1,1,0,1,0,2
Q3KNM2,0,1,0,0,0,0,0,0,0,1,2,0,1,0,1
P29595,1,0,0,1,0,1,1,1,0,1,1,0,0,0,1
Q9DBL7,1,0,0,1,1,0,0,0,0,2,1,0,0,2,2
P58021,0,1,0,1,1,1,0,0,0,0,1,0,0,0,0
P56387,0,1,0,0,0,0,0,0,1,0,1,0,1,0,0
Q8VBZ3,0,0,0,0,1,0,0,1,0,0,0,0,0,1,0
Q9R118,1,1,0,2,2,3,1,2,0,0,0,0,0,0,0
Q9D379,1,0,0,2,2,2,1,1,0,0,0,0,0,1,0
Q4KUS2,2,0,0,0,0,1,0,0,0,1,2,0,0,1,0
Q9WTQ5,1,0,0,0,0,1,0,0,1,1,1,0,0,0,0
Q8VD33,0,0,0,0,0,0,0,0,0,1,1,2,0,0,1
O54724,1,0,0,0,0,2,1,0,0,0,2,0,0,3,0
Q6VNS1,0,0,0,0,2,0,0,0,0,0,2,0,0,1,1
O35900,1,0,0,0,0,1,0,1,1,0,1,0,0,0,0
P01029,0,1,0,2,1,4,1,0,0,0,0,0,0,0,0
Q78JW9,0,0,0,0,0,0,0,0,1,0,1,0,0,1,0
P97429,0,0,0,1,2,2,0,0,0,0,0,0,0,1,0
O35887,1,0,0,0,0,0,0,0,0,0,0,0,0,1,0
Q6PA06,1,0,0,0,1,0,0,0,0,1,0,0,0,0,0
Q8BHB9,0,0,0,0,0,0,0,0,0,1,0,0,0,3,0
Q99KY4,1,1,0,0,0,0,0,1,0,0,0,1,1,0,0
Q69ZS6,0,0,0,0,0,0,0,0,0,0,0,0,0,0,2
P63325,1,1,0,1,1,1,0,0,0,1,1,0,1,1,1
Q6A065,1,1,0,1,0,1,0,1,1,1,1,0,0,1,1
A2AQ25,1,0,0,1,1,0,0,0,1,1,2,1,1,1,1
P32233,1,0,0,1,1,1,1,0,2,0,1,0,1,1,1
Q9QYH6,0,1,0,1,0,1,0,1,1,1,1,0,0,1,1
Q9Z1F9,1,0,0,1,0,1,1,0,0,1,0,0,0,1,1
Q5DTT2,0,0,0,0,0,0,0,0,1,1,1,0,1,1,1
Q8C2Q3,1,1,0,0,1,0,0,0,0,0,1,1,0,1,1
Q3USB7,0,1,0,1,0,1,0,0,1,0,0,0,0,0,0
Q8BTX9,0,1,0,1,2,0,0,1,0,1,1,0,0,0,1
Q8CI32,0,1,0,0,0,0,0,0,1,0,1,1,1,1,1
P53395,1,0,1,1,0,0,0,0,0,1,0,1,0,0,1
P56395,1,1,1,0,1,1,0,1,0,0,0,1,0,0,0
O54833,0,1,0,1,1,0,1,0,0,0,1,0,0,1,0
Q61097,0,0,0,0,0,0,0,0,1,0,0,0,0,0,1
Q6P069,0,0,0,1,0,0,0,0,0,0,0,0,0,0,0
Q99KF1,0,1,0,0,0,0,1,1,0,0,0,0,0,0,0
Q3UNZ8,0,1,0,1,0,1,1,1,0,0,0,0,0,0,0
Q5M8N4,0,0,0,0,3,0,0,1,0,1,0,0,0,1,1
O35114,0,0,0,2,0,1,0,0,0,0,0,0,0,0,1
A2AWA9,0,0,0,1,1,0,0,0,0,0,2,0,0,0,1
Q3V1L4,1,0,0,0,0,0,0,0,1,1,1,0,0,0,0
Q6ZPQ6,0,0,0,2,0,1,0,0,1,0,0,0,0,1,1
Q9DCL8,0,0,0,1,1,0,1,0,0,0,0,1,0,1,0
Q61387,0,1,0,0,0,0,0,0,0,2,1,0,0,0,1
Q6NVE8,0,1,0,0,0,0,0,0,1,0,1,0,0,0,1
Q3UQ44,0,0,0,0,0,0,0,0,1,0,2,0,0,3,0
Q8C052,0,0,0,1,0,1,0,0,0,0,0,0,0,0,0
Q64253,0,0,0,0,0,0,0,0,1,0,0,1,1,1,0
Q91YD9,0,0,0,0,2,0,0,0,0,0,0,0,0,0,0
Q8K394,1,0,0,0,0,0,0,0,0,0,0,0,0,0,1
Q9CX00,0,0,0,0,0,0,1,0,1,0,0,0,1,0,0
P35922,1,0,0,0,0,1,0,0,0,0,0,0,0,0,0
Q05793,0,0,0,0,0,0,0,0,0,0,0,0,0,2,0
P62849,1,1,0,1,1,0,1,1,0,1,0,1,0,0,1
Q9DB70,1,0,0,1,1,1,1,0,1,1,1,0,0,0,1
Q9CQF4,1,0,1,0,0,1,1,1,1,0,1,1,0,1,0
Q8BZA9,1,1,0,1,0,0,0,0,1,1,0,1,1,0,1
P57784,1,1,0,0,1,0,0,0,1,1,1,0,0,1,1
Q6PDC8,1,1,0,0,1,0,0,1,1,1,0,0,0,1,1
Q8BGX2,1,0,0,1,1,0,0,0,0,1,1,0,1,1,1
Q8BGN3,0,0,0,1,0,1,1,1,0,1,0,0,1,0,1
Q9D1I5,0,0,0,0,1,1,1,0,1,1,1,0,0,1,0
P62315,0,0,0,1,1,2,0,1,1,0,0,0,1,0,1
Q9WUU7,0,1,1,1,1,1,2,1,0,0,0,0,0,1,0
P23492,1,1,0,1,0,2,1,1,0,0,0,0,0,0,0
Q921M3,0,1,0,0,0,0,0,0,1,1,0,1,0,1,1
Q8BWY3,0,2,0,0,1,1,0,1,0,0,1,0,0,1,0
Q99KH8,1,0,0,0,0,1,1,0,1,0,0,0,1,0,1
P61222,0,1,0,0,0,0,0,0,1,1,1,0,0,0,1
Q9CZP5,1,1,0,0,2,1,0,0,0,1,0,0,0,1,0
Q5XG69,1,1,0,0,1,0,0,0,0,0,1,0,0,0,0
Q8K2Q7,1,0,1,0,0,0,0,1,0,0,0,1,1,0,0
P56565,2,0,0,0,2,2,1,0,2,0,1,0,0,0,0
P59764,0,0,0,1,1,1,0,0,2,0,1,0,0,1,0
Q3UH99,0,0,0,0,1,0,0,0,2,0,1,0,0,1,0
P51655,1,0,0,0,0,1,0,0,0,0,1,0,0,0,1
Q61102,1,0,0,0,0,1,0,0,0,1,1,0,0,1,0
Q9D9V3,0,0,0,0,1,0,0,0,0,0,0,0,0,0,1
Q61686,1,0,0,1,0,1,1,0,0,0,0,0,0,1,0
Q9D7S9,1,1,0,0,1,1,0,0,1,0,0,0,0,0,0
Q0KL02,0,0,0,0,0,0,0,0,0,1,1,0,0,0,0
O88384,0,0,0,1,0,2,1,0,0,0,0,0,0,0,1
P59325,0,0,0,0,1,0,0,0,1,0,1,0,0,0,0
Q80Y17,1,1,0,1,3,0,1,0,0,0,0,0,0,0,0
Q0VBD0,1,0,0,0,0,1,0,0,0,0,0,0,0,1,1
Q6P3A8,1,0,0,0,0,1,0,0,1,1,0,0,0,0,0
D3YXK2,0,0,1,0,0,0,1,0,1,0,0,0,0,0,0
Q8C3W1,0,0,0,0,0,0,0,0,0,1,0,0,0,0,0
P12849,0,0,0,0,0,2,0,0,0,0,0,0,1,0,0
Q8K298,0,0,0,0,0,0,0,0,0,1,1,0,0,0,1
Q80SZ7,0,0,0,0,0,1,0,0,0,0,0,0,0,0,0
P60521,1,0,0,0,0,0,0,0,0,0,0,0,0,0,0
Q9D8Y1,0,0,0,0,0,0,0,0,0,1,1,0,0,0,0
Q8VHJ5,0,0,1,0,0,0,0,0,0,0,0,1,0,0,0
Q9D328,1,0,0,1,0,1,1,0,1,0,1,0,0,1,1
Q64310,1,1,0,1,1,1,0,0,0,1,1,0,0,1,1
Q9Z0S6,1,1,1,0,0,1,1,0,1,1,1,0,0,0,1
Q9CYR0,1,0,0,1,1,1,0,0,1,1,1,0,0,1,1
P43276,1,1,0,0,0,1,1,1,0,1,0,1,1,0,0
Q00915,1,1,0,1,0,1,0,0,0,0,1,0,0,1,1
Q9CQC6,0,0,1,1,0,1,1,0,1,0,1,1,0,1,0
Q7TPS5,1,1,0,1,1,0,0,0,0,1,1,0,0,1,1
Q3UMU9,1,1,0,1,0,1,1,0,1,1,0,0,0,1,0
Q91YJ2,0,0,0,2,0,1,1,1,1,1,1,0,0,0,1
Q9Z1W9,0,0,0,0,0,0,0,1,1,1,0,0,1,1,0
Q99MX0,0,1,0,1,1,0,0,0,0,0,1,1,0,0,1
Q4V9Z5,0,0,0,1,0,1,0,0,1,0,1,0,0,0,1
P42227,1,1,0,1,1,1,0,1,0,0,0,0,0,0,0
Q8BH57,0,0,1,1,0,1,1,0,1,0,0,0,0,0,0
Q91YI0,1,1,0,1,1,0,1,0,0,1,1,0,0,0,0
Q8BGD8,1,0,0,0,1,0,0,0,0,1,1,1,0,0,1
Q8CHT1,1,0,0,1,0,2,0,0,0,0,1,0,0,1,1
P28271,0,0,0,1,0,1,0,1,1,0,1,0,0,0,0
A2ALU4,0,0,0,0,1,1,0,0,0,1,1,0,0,0,1
O54781,0,0,0,0,0,1,0,0,0,1,0,0,1,0,0
Q9DBT5,1,0,0,1,1,0,0,0,0,0,0,0,0,1,0
Q9ERB0,0,0,1,0,0,0,0,1,1,0,0,0,0,0,1
Q62241,0,0,0,0,0,1,0,0,1,0,1,0,0,1,1
O35551,0,0,0,1,1,0,0,1,0,1,1,0,0,0,0
Q9ERR1,0,1,0,0,1,1,1,0,1,0,0,0,0,0,0
Q8BGS2,1,0,0,1,0,0,0,0,1,0,0,0,0,0,1
Q6GQS1,0,1,0,2,1,0,0,0,0,0,2,0,0,1,0
Q99KN9,0,1,0,1,0,0,0,1,0,0,1,0,0,0,0
E9Q4P1,2,0,0,0,0,0,0,0,1,0,0,2,1,0,1
P20352,0,1,0,1,1,0,0,0,0,1,0,0,0,0,1
Q9Z1J3,0,0,0,1,1,0,0,1,0,0,0,0,0,0,0
Q8R3S6,0,0,0,0,1,0,0,0,0,1,1,0,0,1,1
O08992,1,0,0,0,1,0,1,0,1,1,0,0,0,0,0
Q2M3X8,0,0,0,1,0,0,0,0,0,0,1,0,0,0,1
P47802,0,1,0,0,0,1,0,0,0,0,0,0,1,0,2
Q8VDM6,1,0,0,0,0,0,1,0,0,0,0,0,0,0,0
O35593,0,0,1,0,0,0,0,0,0,0,0,0,0,0,0
P21981,1,0,0,0,0,1,1,0,0,0,0,0,0,2,0
Q8BSS9,0,0,0,0,0,0,0,0,1,0,1,0,0,0,1
Q9DBR7,0,0,0,0,2,0,0,0,0,1,0,0,0,1,2
Q9D554,1,0,0,0,0,0,0,0,0,0,0,0,0,1,0
P97742,0,0,0,0,0,1,0,0,0,0,0,0,0,0,0
Q6ZQK5,0,0,0,1,1,1,0,0,1,1,1,0,1,1,0
P57716,1,1,0,1,1,1,1,1,0,0,0,0,0,0,0
Q8C754,1,1,0,0,0,0,0,0,0,0,1,1,1,1,0
Q8VEJ9,1,1,0,0,0,1,0,1,1,0,1,0,0,0,1
Q8CH72,1,0,0,1,0,1,0,0,1,0,1,0,0,0,1
P97372,2,0,1,1,0,1,1,0,1,0,0,0,0,0,0
Q3TPX4,0,0,0,1,0,0,0,0,0,1,0,0,1,1,1
Q9QX60,0,0,0,0,1,1,0,0,1,0,1,0,0,0,0
Q9D4H8,0,0,0,0,0,0,1,0,1,0,1,1,0,0,0
Q9WV85,0,0,0,0,0,2,0,0,0,0,1,0,0,0,2
Q5U3K5,1,1,0,0,0,0,0,0,0,0,1,0,0,0,0
Q8CI71,0,0,0,0,0,1,0,0,0,1,2,0,0,0,0
Q9DCC4,0,0,0,1,0,0,0,0,1,1,1,0,0,0,0
Q91VC7,1,0,0,0,1,1,0,0,0,0,1,0,0,0,0
Q9DB60,0,0,0,1,1,0,0,0,0,0,1,0,0,1,0
Q9Z1Q5,0,1,0,1,0,1,0,1,0,0,0,0,0,0,0
A2APV2,0,0,0,1,0,0,0,0,1,0,1,0,0,0,0
O35083,0,0,0,0,1,1,0,0,0,0,1,0,0,0,0
Q9QZ08,1,0,0,1,0,0,0,0,0,1,0,0,0,0,1
Q8R010,0,0,0,0,0,0,0,0,1,0,0,0,0,0,0
Q8K4G5,0,0,0,0,0,2,0,0,0,0,0,0,1,0,0
A2ASZ8,0,0,0,0,0,0,0,0,0,0,1,0,0,0,0
P29533,0,0,0,0,1,0,0,0,0,0,0,0,0,0,0
Q00896,0,0,0,0,0,0,0,0,0,0,3,0,0,1,0
P62960,0,0,0,1,1,1,0,1,0,1,1,0,0,1,0
P61963,1,1,0,0,1,0,0,0,0,1,1,0,0,1,1
Q99M28,1,0,0,0,1,1,0,0,1,0,1,0,0,0,1
Q8VCD6,1,0,0,0,1,1,0,0,1,0,1,0,0,0,1
Q61655,1,0,0,0,1,0,1,0,0,0,1,0,0,0,1
Q9Z2V5,1,0,0,0,0,1,0,0,0,1,0,0,0,0,1
O35621,0,0,1,0,1,0,0,0,0,1,0,0,0,1,0
Q922E4,0,0,0,0,0,0,1,1,0,0,1,0,0,0,0
P17225,0,0,0,0,1,1,1,0,0,0,0,0,0,1,0
O35681,0,1,0,0,0,0,0,1,0,0,2,0,1,0,0
Q8BTG3,0,0,0,1,0,0,0,0,1,0,1,0,0,0,1
Q9JKY5,0,1,0,0,0,1,0,0,0,1,0,0,0,0,1
Q6P5E4,0,0,0,0,1,0,0,0,0,1,0,0,0,0,0
O70228,1,0,0,1,2,0,0,0,0,0,0,0,0,0,0
Q6P1D5,0,0,0,0,1,0,0,0,0,0,1,0,0,1,0
Q8R0W0,0,0,0,0,0,0,0,0,1,0,0,1,0,1,0
Q80XI3,1,0,0,1,0,1,0,0,0,0,0,0,0,0,0
Q8BGU5,1,0,0,0,0,0,0,0,1,1,1,0,0,0,0
Q62083,0,0,0,1,0,0,0,0,0,1,0,0,0,1,0
Q91YP0,1,0,0,1,0,0,0,0,1,0,0,0,0,0,0
Q8BGD5,0,0,0,0,2,0,0,0,1,0,0,0,0,0,1
P08122,0,0,0,0,0,1,1,0,0,0,0,0,0,0,0
Q99PV0,0,0,0,0,0,0,0,0,1,0,0,0,0,0,0
Q920Q4,1,1,0,0,0,0,0,0,0,0,0,0,0,0,0
P29416,0,0,0,0,1,0,0,0,0,0,0,0,0,0,0
Q61838,0,0,0,0,0,0,0,0,0,0,2,0,0,0,1
Q6IFX2,0,0,0,0,0,0,0,0,0,0,0,0,0,3,2
Q8BGC4,0,0,1,0,0,1,1,1,0,0,0,0,0,0,1
Q8BSY0,1,1,0,0,0,0,1,0,0,0,1,0,0,0,1
Q9QZ23,0,0,1,0,0,1,1,0,1,0,0,0,1,0,0
Q9R069,0,0,0,0,0,1,0,0,0,1,1,0,0,1,1
Q9CY57,1,0,0,0,1,0,0,0,0,0,1,0,0,0,1
Q9JLT4,0,0,0,0,0,0,0,0,0,0,1,1,1,1,0
O35988,1,1,1,0,0,0,1,0,0,0,0,0,0,0,0
Q99KW9,0,0,0,1,1,1,0,0,0,0,1,0,0,0,0
Q8K0B2,1,1,0,0,0,1,1,0,0,0,0,0,0,0,0
Q9DBG5,1,0,0,0,2,1,0,0,0,0,1,0,0,0,0
P27671,0,0,0,0,1,0,0,0,0,0,1,0,0,0,1
Q6ZPF3,1,0,0,0,0,1,0,0,0,0,0,0,0,0,1
Q61595,1,0,0,0,1,0,0,0,0,1,1,0,0,0,0
Q9DBZ5,1,0,0,0,0,1,0,0,0,0,0,2,0,0,0
O70194,1,0,0,0,0,0,1,0,0,0,2,0,0,0,0
Q78IK4,0,0,0,0,0,1,0,1,0,0,0,0,0,0,1
Q78YZ6,0,0,0,0,1,1,0,0,1,0,0,0,0,0,0
O88532,0,0,0,0,0,1,0,0,0,0,0,0,0,1,0
P97355,0,0,0,0,2,1,0,0,0,0,0,0,0,1,0
Q9R0N3,0,0,0,0,1,1,0,1,0,0,0,0,0,0,0
Q9CQS4,0,0,0,0,0,0,0,0,0,1,0,0,1,0,0
Q8CDG3,1,0,0,0,0,1,0,0,0,0,0,0,0,0,1
P10711,1,0,0,0,0,0,0,0,0,0,0,0,0,0,0
Q8JZK9,0,0,0,1,1,0,0,0,0,0,0,0,0,0,1
Q3UTJ2,0,0,0,0,0,0,0,0,0,0,0,0,0,2,0
Q9CQE5,1,0,0,0,1,0,0,0,0,0,0,0,0,0,0
Q8R1B5,0,0,0,1,0,0,0,0,0,1,1,0,0,0,0
Q9CQY6,0,0,0,0,1,0,0,0,0,0,0,0,1,0,0
Q8VD62,0,0,0,2,0,0,0,0,1,0,0,0,0,0,0
Q8VII8,0,0,0,0,0,0,0,0,0,1,0,0,0,0,0
Q8BIF0,0,0,0,0,0,0,0,0,0,0,0,0,0,0,1
P05784,0,0,0,0,0,0,0,0,0,0,0,0,0,3,0
Q00898,0,0,0,1,0,0,0,0,0,0,0,0,0,1,0
Q64288,0,0,0,0,0,0,0,0,0,0,0,0,0,0,3
Q80WJ7,0,1,0,0,0,1,0,1,0,0,0,0,0,0,0
P60603,1,0,0,0,0,1,1,0,0,0,1,0,0,0,1
P41242,1,1,0,1,0,0,0,0,0,1,0,0,1,0,0
Q9D883,0,0,0,0,0,1,1,0,1,1,0,0,0,0,0
P70188,0,1,0,0,0,1,0,0,0,0,1,0,0,0,1
P11087,0,0,1,0,0,1,0,0,0,0,0,0,0,1,0
Q8BNU0,0,0,0,1,0,0,0,0,0,1,0,0,0,1,1
Q4QQM4,1,0,0,0,0,1,1,0,1,0,0,0,0,0,0
Q9EP89,0,0,0,0,0,1,0,0,0,0,1,0,0,0,1
Q99PL5,0,0,0,0,0,1,1,1,0,0,0,0,0,0,0
Q8R3B1,1,0,0,0,1,0,0,0,0,0,0,0,0,1,0
Q8BMK4,0,0,0,0,1,1,0,0,0,0,1,0,0,0,2
P03893,0,0,0,1,0,1,0,0,0,1,0,0,0,0,1
O35250,0,1,0,0,0,0,0,0,0,1,1,0,0,0,0
Q8BXC6,1,0,0,0,1,0,0,0,1,0,1,0,0,0,0
Q9WTK7,0,0,0,0,0,1,0,0,1,1,1,0,0,0,0
Q9D517,1,0,0,0,0,0,0,1,0,0,0,0,0,1,0
Q9CQC9,1,0,0,1,0,0,0,0,0,0,1,0,0,0,0
Q9DC16,1,0,0,0,1,1,0,0,0,0,0,0,0,0,0
Q8CI78,0,0,0,1,0,0,0,0,0,0,0,0,1,0,1
Q5SSZ5,1,0,0,0,1,1,0,0,0,0,0,0,0,0,0
Q62426,0,0,1,0,0,0,0,0,0,0,0,0,0,0,1
Q5XJV6,0,1,0,0,0,0,0,0,0,0,1,0,0,0,1
Q8VE88,1,0,0,0,0,0,0,0,0,0,0,0,0,0,1
O09172,0,0,0,0,0,2,1,0,0,0,0,0,0,0,0
Q80U49,0,0,0,0,0,0,0,0,0,1,1,0,0,0,0
Q03157,1,0,0,1,0,0,0,0,0,0,0,0,0,0,0
Q9CYR6,0,0,0,0,0,0,0,0,0,0,1,0,0,0,0
Q6PE13,0,0,0,0,0,0,0,0,0,1,0,0,0,0,0
Q8C7X2,0,0,0,0,0,0,0,0,2,0,1,0,0,0,0
Q8R361,1,0,0,0,0,0,0,0,0,0,0,1,0,0,0
Q9WVQ1,0,0,0,0,0,0,0,0,0,0,0,0,0,0,2
Q8BSZ2,1,0,0,0,0,0,0,0,0,0,0,0,0,0,2
P49817,1,0,0,0,0,2,0,0,0,0,0,0,0,0,0
Q9CYW4,0,0,0,1,0,0,0,0,0,0,0,0,0,0,0
Q01149,0,0,0,0,0,1,0,0,0,0,0,0,0,0,0
P84309,0,0,0,0,0,0,0,0,0,0,0,0,0,0,4
Q6PHS9,0,0,0,0,0,0,0,0,0,0,0,0,0,0,1
Q91Z61,1,0,0,0,1,1,0,0,0,0,0,0,0,0,1
Q91W90,1,0,0,0,0,0,0,0,0,0,1,0,0,1,1
Q8K215,0,0,0,1,0,1,0,0,0,0,1,0,0,0,0
Q7TN98,0,0,0,1,0,0,0,1,0,0,0,0,0,1,1
Q9JIY5,1,0,0,0,0,0,0,0,1,0,0,0,0,1,0
Q3V0Q1,1,0,1,0,0,0,0,0,0,0,0,1,1,0,0
Q5SUF2,1,0,0,0,0,1,0,0,1,0,1,0,0,0,0
O88986,0,0,0,0,1,1,0,0,0,0,1,0,0,0,0
Q9DB34,1,0,0,0,0,1,0,0,0,0,0,0,0,0,1
Q8CIQ7,1,0,0,1,0,0,0,0,0,0,0,0,0,0,1
P10833,1,0,0,1,0,0,0,0,1,0,0,0,0,0,0
D3YZP9,0,0,0,1,1,0,0,0,0,0,0,0,0,0,1
Q6PB44,1,0,0,1,0,0,0,0,0,0,0,0,0,0,0
Q9QYI5,0,0,0,1,0,1,0,0,0,0,0,0,0,0,0
Q8VCX5,0,0,0,0,0,0,0,0,0,0,2,0,0,0,1
Q60714,1,0,0,1,0,0,0,0,0,0,0,0,0,0,0
Q8QZR5,0,1,0,0,0,0,0,0,0,0,1,0,0,0,0
P02463,0,0,0,0,0,1,0,0,0,0,0,0,0,0,0
Q8CA95,0,0,0,0,1,0,0,0,0,0,0,0,0,0,3
P14576,0,0,0,0,0,0,0,0,0,0,0,0,0,1,2
Q9Z1D1,0,0,0,0,0,1,0,0,1,0,0,0,0,0,0
P56394,0,0,0,0,0,0,0,0,0,1,0,0,0,0,1
P29788,0,0,0,0,0,1,0,0,0,0,0,0,0,0,0
Q811P8,0,0,0,0,0,0,0,0,0,0,0,0,0,0,1
Q8VD65,0,0,0,0,0,1,0,0,0,0,0,0,0,0,0
Q8BPQ7,0,0,0,0,0,0,0,0,0,0,0,0,0,0,2
O88533,0,0,0,0,0,0,0,0,0,0,0,0,0,0,3
P07310,0,0,0,0,0,0,1,0,0,0,0,0,0,0,0
Q924D0,0,0,0,0,0,0,0,0,1,0,1,0,0,0,1
Q925H3,0,1,0,0,0,0,1,0,0,1,0,0,0,0,0
Q9ER35,0,0,0,0,0,0,0,0,0,1,1,0,0,0,1
Q6NS82,0,0,0,0,0,0,0,0,1,1,0,0,0,0,1
Q91YX5,0,1,0,1,0,0,0,0,0,0,0,0,0,0,1
Q80UM7,0,0,0,1,0,1,0,0,0,0,0,0,0,0,1
Q8VEE0,0,0,0,0,1,0,0,0,0,0,0,0,0,0,1
Q9D3I6,0,0,0,0,0,0,1,0,0,1,0,0,0,0,0
Q61165,0,1,0,0,0,0,0,0,0,1,0,0,0,0,0
P16254,0,0,0,1,0,1,0,0,0,0,0,0,0,0,0
Q6PD26,0,0,0,0,1,0,0,0,0,0,2,0,0,0,0
P70122,1,0,0,0,0,0,0,0,0,0,0,0,0,0,0
Q3UDP0,0,0,0,1,0,0,0,0,0,0,1,0,0,0,0
Q9Z0F7,0,1,0,0,0,0,0,0,0,0,0,0,0,0,0
Q05A62,0,0,0,0,0,0,0,0,0,1,0,0,0,0,0
Q9WU79,0,0,0,0,0,0,0,0,0,0,0,1,0,0,0
P03903,0,0,0,1,0,0,0,0,0,0,0,0,0,0,0
Q7TN29,0,0,0,0,1,0,0,0,0,0,0,0,0,0,0
Q62288,0,0,0,0,0,1,0,0,0,0,0,0,0,0,0
P97798,0,0,0,0,1,0,0,0,0,0,0,0,0,0,0
Q6P5F7,0,0,0,0,1,1,0,0,0,0,0,0,0,0,0
P56375,0,0,0,1,0,1,0,0,0,0,0,0,0,0,0
Q9JKV7,0,1,0,0,0,0,0,0,0,0,0,0,0,0,0
Q8BVI5,1,0,0,0,0,0,1,0,0,0,0,0,0,0,0
Q9CYL5,0,0,0,0,1,1,0,0,0,0,0,0,0,0,0
Q80TS3,1,0,0,0,0,0,0,0,0,1,0,0,0,0,0
Q9DCR2,0,0,0,0,0,0,0,0,0,0,0,0,0,0,1
Q8R4E6,0,0,0,0,0,0,0,0,0,0,1,0,0,0,0
P08030,0,0,0,0,1,0,0,0,0,0,0,0,0,0,0
Q9CYS6,0,0,0,0,0,1,0,0,0,0,0,0,0,0,0
A2AJX4,0,0,0,0,0,0,0,1,0,0,0,0,0,0,0
P55302,0,0,0,0,0,0,0,1,0,0,0,0,0,0,0
Q80UP8,0,1,0,0,0,0,0,0,0,0,0,0,0,0,0
Q5SXY1,0,0,0,0,0,0,0,0,0,0,0,0,0,0,1
Q8BK72,0,0,0,0,0,0,0,0,1,0,0,0,0,0,0
Q8R550,0,0,0,0,0,0,0,0,0,0,0,0,0,0,1
Q8VC30,0,0,0,0,0,0,0,0,0,0,1,0,0,0,0
Q8VCM7,0,0,0,0,0,0,0,0,0,0,1,0,0,0,0
Q61941,1,0,0,0,0,0,0,0,0,0,0,0,0,0,0
Q3TIU4,0,0,0,0,0,0,0,0,0,0,0,0,0,0,1
O70305,1,0,0,0,0,0,0,0,0,0,0,0,0,0,0
Q8BYZ1,0,0,0,0,0,1,0,0,0,0,0,0,0,0,0
O55229,0,0,0,0,1,0,0,0,0,0,0,0,0,0,0
Q9JL04,0,0,0,1,0,0,0,0,0,0,0,0,0,0,0
P10493,0,0,0,0,0,1,0,0,0,0,0,0,0,0,0
P10107,0,0,0,0,0,0,0,0,0,0,0,0,0,0,1
Q99P58,0,0,0,0,0,0,0,0,0,0,0,0,0,0,1
P70429,0,0,0,0,0,0,0,0,0,0,0,0,0,0,1
Q3TMP8,0,0,0,0,0,0,0,0,1,0,0,0,0,0,0
Q9ERN0,0,0,0,0,1,0,0,0,0,0,0,0,0,0,0
